timestamp,road_id,vehicle_count,avg_speed,road_status
2024-01-01 00:14:00,东三环中路,18,55.6,缓行
2024-01-01 00:18:00,东三环中路,18,69.7,畅通
2024-01-01 01:00:00,东三环中路,22,43.5,缓行
2024-01-01 01:56:00,东三环中路,22,56.7,缓行
2024-01-01 02:40:00,东三环中路,15,71.3,畅通
2024-01-01 03:04:00,东三环中路,18,52.8,缓行
2024-01-01 03:10:00,东三环中路,13,60.0,畅通
2024-01-01 05:04:00,东三环中路,21,54.2,缓行
2024-01-01 05:26:00,东三环中路,18,58.3,缓行
2024-01-01 07:10:00,东三环中路,180,25.5,拥堵
2024-01-01 07:16:00,东三环中路,115,15.9,拥堵
2024-01-01 07:20:00,东三环中路,97,10.0,拥堵
2024-01-01 07:44:00,东三环中路,66,22.9,拥堵
2024-01-01 07:52:00,东三环中路,158,27.7,拥堵
2024-01-01 08:30:00,东三环中路,42,39.8,缓行
2024-01-01 09:14:00,东三环中路,94,15.4,拥堵
2024-01-01 09:44:00,东三环中路,176,12.6,拥堵
2024-01-01 11:26:00,东三环中路,51,30.0,缓行
2024-01-01 11:38:00,东三环中路,28,36.9,缓行
2024-01-01 12:42:00,东三环中路,88,18.6,拥堵
2024-01-01 12:50:00,东三环中路,99,10.0,拥堵
2024-01-01 13:36:00,东三环中路,78,16.3,拥堵
2024-01-01 14:04:00,东三环中路,60,31.8,缓行
2024-01-01 14:08:00,东三环中路,37,26.7,拥堵
2024-01-01 14:18:00,东三环中路,37,30.2,缓行
2024-01-01 14:20:00,东三环中路,67,23.7,拥堵
2024-01-01 14:58:00,东三环中路,48,39.1,缓行
2024-01-01 15:46:00,东三环中路,73,52.9,缓行
2024-01-01 16:20:00,东三环中路,35,54.3,缓行
2024-01-01 16:48:00,东三环中路,50,31.7,缓行
2024-01-01 17:22:00,东三环中路,202,10.0,拥堵
2024-01-01 17:38:00,东三环中路,115,10.4,拥堵
2024-01-01 19:22:00,东三环中路,174,18.3,拥堵
2024-01-01 20:36:00,东三环中路,11,42.5,缓行
2024-01-01 21:34:00,东三环中路,14,59.9,缓行
2024-01-01 21:48:00,东三环中路,18,53.3,缓行
2024-01-01 21:52:00,东三环中路,18,55.4,缓行
2024-01-01 21:54:00,东三环中路,18,50.2,缓行
2024-01-01 22:36:00,东三环中路,18,52.5,缓行
2024-01-02 01:22:00,东三环中路,17,58.3,缓行
2024-01-02 01:38:00,东三环中路,21,56.9,缓行
2024-01-02 02:06:00,东三环中路,19,46.6,缓行
2024-01-02 02:14:00,东三环中路,13,61.7,畅通
2024-01-02 03:16:00,东三环中路,19,55.4,缓行
2024-01-02 03:18:00,东三环中路,12,57.1,缓行
2024-01-02 03:34:00,东三环中路,19,49.0,缓行
2024-01-02 04:08:00,东三环中路,12,52.1,缓行
2024-01-02 04:16:00,东三环中路,27,54.2,缓行
2024-01-02 04:40:00,东三环中路,15,66.1,畅通
2024-01-02 05:06:00,东三环中路,15,62.1,畅通
2024-01-02 05:12:00,东三环中路,18,66.0,畅通
2024-01-02 05:46:00,东三环中路,11,66.1,畅通
2024-01-02 06:06:00,东三环中路,20,66.2,畅通
2024-01-02 09:32:00,东三环中路,146,10.0,拥堵
2024-01-02 09:44:00,东三环中路,138,14.9,拥堵
2024-01-02 09:46:00,东三环中路,142,12.3,拥堵
2024-01-02 10:08:00,东三环中路,60,37.5,缓行
2024-01-02 10:10:00,东三环中路,5,43.7,缓行
2024-01-02 10:50:00,东三环中路,27,41.8,缓行
2024-01-02 11:06:00,东三环中路,65,34.1,缓行
2024-01-02 11:34:00,东三环中路,95,13.6,拥堵
2024-01-02 13:48:00,东三环中路,46,24.9,拥堵
2024-01-02 13:56:00,东三环中路,80,19.7,拥堵
2024-01-02 15:00:00,东三环中路,27,60.3,畅通
2024-01-02 15:04:00,东三环中路,38,36.7,缓行
2024-01-02 15:16:00,东三环中路,67,33.8,缓行
2024-01-02 16:18:00,东三环中路,50,38.6,缓行
2024-01-02 16:40:00,东三环中路,73,33.1,缓行
2024-01-02 16:44:00,东三环中路,55,27.4,拥堵
2024-01-02 17:16:00,东三环中路,259,17.0,拥堵
2024-01-02 17:40:00,东三环中路,138,19.0,拥堵
2024-01-02 19:08:00,东三环中路,149,10.0,拥堵
2024-01-02 19:36:00,东三环中路,99,11.2,拥堵
2024-01-02 19:58:00,东三环中路,159,10.0,拥堵
2024-01-02 21:02:00,东三环中路,16,56.3,缓行
2024-01-02 21:32:00,东三环中路,22,69.9,畅通
2024-01-02 21:58:00,东三环中路,18,52.4,缓行
2024-01-02 22:02:00,东三环中路,17,70.9,畅通
2024-01-02 22:10:00,东三环中路,17,71.6,畅通
2024-01-02 22:16:00,东三环中路,18,55.2,缓行
2024-01-02 22:52:00,东三环中路,25,55.8,缓行
2024-01-02 22:56:00,东三环中路,22,54.1,缓行
2024-01-02 23:06:00,东三环中路,14,56.3,缓行
2024-01-02 23:20:00,东三环中路,15,55.7,缓行
2024-01-02 23:40:00,东三环中路,26,54.2,缓行
2024-01-02 23:46:00,东三环中路,25,41.5,缓行
2024-01-02 23:50:00,东三环中路,15,72.5,畅通
2024-01-03 00:12:00,东三环中路,22,65.1,畅通
2024-01-03 00:58:00,东三环中路,18,59.6,缓行
2024-01-03 02:24:00,东三环中路,25,57.8,缓行
2024-01-03 02:52:00,东三环中路,14,36.9,缓行
2024-01-03 04:18:00,东三环中路,20,58.5,缓行
2024-01-03 05:06:00,东三环中路,19,64.4,畅通
2024-01-03 05:12:00,东三环中路,8,58.2,缓行
2024-01-03 05:20:00,东三环中路,17,66.7,畅通
2024-01-03 05:28:00,东三环中路,17,55.0,缓行
2024-01-03 05:30:00,东三环中路,14,69.8,畅通
2024-01-03 05:48:00,东三环中路,15,56.3,缓行
2024-01-03 06:52:00,东三环中路,18,50.2,缓行
2024-01-03 08:22:00,东三环中路,91,10.6,拥堵
2024-01-03 08:50:00,东三环中路,180,22.8,拥堵
2024-01-03 09:00:00,东三环中路,107,25.8,拥堵
2024-01-03 09:50:00,东三环中路,160,13.5,拥堵
2024-01-03 09:52:00,东三环中路,207,10.5,拥堵
2024-01-03 10:30:00,东三环中路,53,27.5,拥堵
2024-01-03 10:34:00,东三环中路,32,27.8,拥堵
2024-01-03 10:38:00,东三环中路,47,31.9,缓行
2024-01-03 11:02:00,东三环中路,76,35.3,缓行
2024-01-03 11:16:00,东三环中路,65,17.6,拥堵
2024-01-03 11:24:00,东三环中路,100,13.3,拥堵
2024-01-03 12:50:00,东三环中路,104,16.5,拥堵
2024-01-03 13:22:00,东三环中路,51,37.2,缓行
2024-01-03 13:44:00,东三环中路,94,10.0,拥堵
2024-01-03 13:50:00,东三环中路,60,35.6,缓行
2024-01-03 13:52:00,东三环中路,55,44.5,缓行
2024-01-03 14:46:00,东三环中路,77,23.3,拥堵
2024-01-03 15:24:00,东三环中路,38,40.0,缓行
2024-01-03 16:18:00,东三环中路,59,27.0,拥堵
2024-01-03 16:20:00,东三环中路,101,11.9,拥堵
2024-01-03 17:54:00,东三环中路,132,19.4,拥堵
2024-01-03 18:02:00,东三环中路,214,12.5,拥堵
2024-01-03 18:06:00,东三环中路,142,19.3,拥堵
2024-01-03 18:12:00,东三环中路,154,10.0,拥堵
2024-01-03 18:54:00,东三环中路,227,10.0,拥堵
2024-01-03 19:42:00,东三环中路,117,10.0,拥堵
2024-01-03 19:56:00,东三环中路,137,18.0,拥堵
2024-01-03 22:34:00,东三环中路,19,63.5,畅通
2024-01-04 00:18:00,东三环中路,31,48.3,缓行
2024-01-04 01:10:00,东三环中路,17,60.4,畅通
2024-01-04 01:36:00,东三环中路,19,68.5,畅通
2024-01-04 01:40:00,东三环中路,28,52.2,缓行
2024-01-04 03:02:00,东三环中路,23,55.5,缓行
2024-01-04 03:08:00,东三环中路,13,58.7,缓行
2024-01-04 05:56:00,东三环中路,18,57.7,缓行
2024-01-04 06:04:00,东三环中路,19,51.1,缓行
2024-01-04 06:18:00,东三环中路,23,47.7,缓行
2024-01-04 06:34:00,东三环中路,12,61.1,畅通
2024-01-04 06:42:00,东三环中路,15,52.4,缓行
2024-01-04 08:18:00,东三环中路,203,18.8,拥堵
2024-01-04 09:00:00,东三环中路,129,10.0,拥堵
2024-01-04 09:06:00,东三环中路,131,22.7,拥堵
2024-01-04 09:48:00,东三环中路,153,19.3,拥堵
2024-01-04 10:00:00,东三环中路,64,40.3,缓行
2024-01-04 10:32:00,东三环中路,37,53.0,缓行
2024-01-04 12:00:00,东三环中路,71,29.6,拥堵
2024-01-04 12:10:00,东三环中路,64,25.8,拥堵
2024-01-04 14:10:00,东三环中路,45,48.4,缓行
2024-01-04 14:30:00,东三环中路,45,43.1,缓行
2024-01-04 15:20:00,东三环中路,26,41.9,缓行
2024-01-04 16:32:00,东三环中路,22,50.8,缓行
2024-01-04 16:56:00,东三环中路,47,35.7,缓行
2024-01-04 18:14:00,东三环中路,181,10.0,拥堵
2024-01-04 18:24:00,东三环中路,106,15.6,拥堵
2024-01-04 22:26:00,东三环中路,21,61.2,畅通
2024-01-04 22:46:00,东三环中路,16,63.2,畅通
2024-01-04 23:40:00,东三环中路,21,55.9,缓行
2024-01-04 23:42:00,东三环中路,25,49.9,缓行
2024-01-05 00:18:00,东三环中路,14,68.1,畅通
2024-01-05 01:28:00,东三环中路,25,55.4,缓行
2024-01-05 01:34:00,东三环中路,15,60.1,畅通
2024-01-05 01:36:00,东三环中路,23,45.8,缓行
2024-01-05 02:02:00,东三环中路,12,68.3,畅通
2024-01-05 02:06:00,东三环中路,14,65.3,畅通
2024-01-05 03:12:00,东三环中路,13,52.7,缓行
2024-01-05 03:58:00,东三环中路,17,64.9,畅通
2024-01-05 04:14:00,东三环中路,12,67.8,畅通
2024-01-05 04:34:00,东三环中路,16,66.9,畅通
2024-01-05 04:58:00,东三环中路,29,41.9,缓行
2024-01-05 06:44:00,东三环中路,12,51.2,缓行
2024-01-05 06:58:00,东三环中路,19,57.2,缓行
2024-01-05 07:34:00,东三环中路,105,21.7,拥堵
2024-01-05 07:38:00,东三环中路,185,13.4,拥堵
2024-01-05 08:16:00,东三环中路,129,22.4,拥堵
2024-01-05 08:24:00,东三环中路,138,10.5,拥堵
2024-01-05 08:34:00,东三环中路,186,14.5,拥堵
2024-01-05 11:12:00,东三环中路,52,26.2,拥堵
2024-01-05 12:30:00,东三环中路,66,33.3,缓行
2024-01-05 13:02:00,东三环中路,98,33.5,缓行
2024-01-05 13:44:00,东三环中路,69,28.7,拥堵
2024-01-05 14:40:00,东三环中路,48,38.7,缓行
2024-01-05 14:50:00,东三环中路,41,27.3,拥堵
2024-01-05 15:32:00,东三环中路,48,40.2,缓行
2024-01-05 16:08:00,东三环中路,30,32.3,缓行
2024-01-05 17:02:00,东三环中路,109,10.0,拥堵
2024-01-05 17:18:00,东三环中路,179,10.0,拥堵
2024-01-05 17:48:00,东三环中路,263,10.8,拥堵
2024-01-05 18:46:00,东三环中路,49,15.2,拥堵
2024-01-05 18:58:00,东三环中路,204,10.0,拥堵
2024-01-05 19:08:00,东三环中路,155,10.0,拥堵
2024-01-05 19:16:00,东三环中路,167,16.2,拥堵
2024-01-05 19:18:00,东三环中路,138,15.7,拥堵
2024-01-05 19:32:00,东三环中路,193,10.0,拥堵
2024-01-05 19:48:00,东三环中路,151,18.8,拥堵
2024-01-05 20:20:00,东三环中路,11,69.3,畅通
2024-01-05 20:34:00,东三环中路,14,52.2,缓行
2024-01-05 21:08:00,东三环中路,34,34.1,缓行
2024-01-05 23:30:00,东三环中路,29,47.0,缓行
2024-01-05 23:46:00,东三环中路,15,52.6,缓行
2024-01-06 00:00:00,东三环中路,15,54.4,缓行
2024-01-06 00:50:00,东三环中路,11,47.5,缓行
2024-01-06 01:32:00,东三环中路,9,52.4,缓行
2024-01-06 01:54:00,东三环中路,9,66.9,畅通
2024-01-06 02:10:00,东三环中路,17,51.9,缓行
2024-01-06 02:12:00,东三环中路,13,60.1,畅通
2024-01-06 02:40:00,东三环中路,15,57.6,缓行
2024-01-06 03:52:00,东三环中路,7,55.2,缓行
2024-01-06 04:58:00,东三环中路,15,60.9,畅通
2024-01-06 05:52:00,东三环中路,14,72.3,畅通
2024-01-06 07:04:00,东三环中路,31,29.7,拥堵
2024-01-06 07:08:00,东三环中路,22,26.0,拥堵
2024-01-06 07:18:00,东三环中路,31,29.0,拥堵
2024-01-06 07:42:00,东三环中路,24,37.7,缓行
2024-01-06 08:56:00,东三环中路,41,23.8,拥堵
2024-01-06 09:14:00,东三环中路,58,16.5,拥堵
2024-01-06 09:40:00,东三环中路,33,16.0,拥堵
2024-01-06 10:18:00,东三环中路,37,33.5,缓行
2024-01-06 12:28:00,东三环中路,45,47.1,缓行
2024-01-06 12:50:00,东三环中路,33,26.9,拥堵
2024-01-06 12:52:00,东三环中路,53,39.6,缓行
2024-01-06 14:14:00,东三环中路,35,48.0,缓行
2024-01-06 14:46:00,东三环中路,43,40.8,缓行
2024-01-06 15:50:00,东三环中路,33,28.4,拥堵
2024-01-06 16:42:00,东三环中路,37,55.7,缓行
2024-01-06 18:16:00,东三环中路,75,20.7,拥堵
2024-01-06 18:40:00,东三环中路,97,10.0,拥堵
2024-01-06 19:26:00,东三环中路,98,10.0,拥堵
2024-01-06 19:52:00,东三环中路,54,10.0,拥堵
2024-01-06 20:10:00,东三环中路,12,54.1,缓行
2024-01-06 20:56:00,东三环中路,12,55.4,缓行
2024-01-06 21:22:00,东三环中路,8,61.4,畅通
2024-01-06 21:32:00,东三环中路,5,66.4,畅通
2024-01-06 21:34:00,东三环中路,12,56.6,缓行
2024-01-06 23:08:00,东三环中路,10,53.5,缓行
2024-01-06 23:24:00,东三环中路,9,55.9,缓行
2024-01-07 00:00:00,东三环中路,11,52.5,缓行
2024-01-07 00:02:00,东三环中路,15,54.7,缓行
2024-01-07 01:10:00,东三环中路,13,65.8,畅通
2024-01-07 01:44:00,东三环中路,12,78.1,畅通
2024-01-07 02:06:00,东三环中路,12,64.1,畅通
2024-01-07 02:08:00,东三环中路,5,60.7,畅通
2024-01-07 02:38:00,东三环中路,12,76.1,畅通
2024-01-07 03:26:00,东三环中路,15,52.2,缓行
2024-01-07 04:26:00,东三环中路,9,61.5,畅通
2024-01-07 05:34:00,东三环中路,11,54.9,缓行
2024-01-07 06:10:00,东三环中路,5,55.7,缓行
2024-01-07 06:38:00,东三环中路,18,53.3,缓行
2024-01-07 07:30:00,东三环中路,55,37.7,缓行
2024-01-07 07:32:00,东三环中路,18,27.6,拥堵
2024-01-07 10:52:00,东三环中路,35,52.9,缓行
2024-01-07 12:24:00,东三环中路,65,15.3,拥堵
2024-01-07 12:48:00,东三环中路,28,46.7,缓行
2024-01-07 13:48:00,东三环中路,75,20.5,拥堵
2024-01-07 14:12:00,东三环中路,34,39.4,缓行
2024-01-07 14:20:00,东三环中路,41,35.6,缓行
2024-01-07 14:32:00,东三环中路,39,41.6,缓行
2024-01-07 15:38:00,东三环中路,43,33.7,缓行
2024-01-07 16:34:00,东三环中路,19,47.8,缓行
2024-01-07 17:44:00,东三环中路,76,15.3,拥堵
2024-01-07 18:20:00,东三环中路,69,23.9,拥堵
2024-01-07 19:10:00,东三环中路,79,10.0,拥堵
2024-01-07 19:18:00,东三环中路,114,17.7,拥堵
2024-01-07 19:56:00,东三环中路,84,19.8,拥堵
2024-01-07 20:00:00,东三环中路,12,67.9,畅通
2024-01-07 22:06:00,东三环中路,5,63.6,畅通
2024-01-07 23:02:00,东三环中路,10,44.4,缓行
2024-01-07 23:38:00,东三环中路,12,50.1,缓行
2024-01-08 00:08:00,东三环中路,29,53.2,缓行
2024-01-08 00:44:00,东三环中路,18,57.4,缓行
2024-01-08 00:56:00,东三环中路,21,68.3,畅通
2024-01-08 00:58:00,东三环中路,16,47.8,缓行
2024-01-08 01:26:00,东三环中路,8,50.7,缓行
2024-01-08 02:00:00,东三环中路,16,52.6,缓行
2024-01-08 02:36:00,东三环中路,13,63.4,畅通
2024-01-08 05:30:00,东三环中路,16,48.9,缓行
2024-01-08 05:42:00,东三环中路,13,65.6,畅通
2024-01-08 05:48:00,东三环中路,5,66.9,畅通
2024-01-08 05:56:00,东三环中路,13,57.7,缓行
2024-01-08 06:14:00,东三环中路,19,54.5,缓行
2024-01-08 07:02:00,东三环中路,148,10.0,拥堵
2024-01-08 07:24:00,东三环中路,144,22.2,拥堵
2024-01-08 07:48:00,东三环中路,34,37.2,缓行
2024-01-08 09:36:00,东三环中路,191,10.0,拥堵
2024-01-08 10:26:00,东三环中路,37,40.4,缓行
2024-01-08 10:32:00,东三环中路,61,21.9,拥堵
2024-01-08 11:10:00,东三环中路,128,26.5,拥堵
2024-01-08 12:06:00,东三环中路,73,16.1,拥堵
2024-01-08 14:26:00,东三环中路,46,32.4,缓行
2024-01-08 17:26:00,东三环中路,209,27.5,拥堵
2024-01-08 17:42:00,东三环中路,139,11.5,拥堵
2024-01-08 17:54:00,东三环中路,221,10.0,拥堵
2024-01-08 18:08:00,东三环中路,125,12.2,拥堵
2024-01-08 20:16:00,东三环中路,15,58.2,缓行
2024-01-08 21:50:00,东三环中路,18,60.3,畅通
2024-01-08 22:16:00,东三环中路,20,47.6,缓行
2024-01-08 22:50:00,东三环中路,24,62.5,畅通
2024-01-09 00:58:00,东三环中路,16,55.5,缓行
2024-01-09 01:36:00,东三环中路,26,53.4,缓行
2024-01-09 02:44:00,东三环中路,18,68.4,畅通
2024-01-09 03:20:00,东三环中路,23,54.0,缓行
2024-01-09 03:48:00,东三环中路,21,51.4,缓行
2024-01-09 04:34:00,东三环中路,22,62.2,畅通
2024-01-09 04:46:00,东三环中路,22,60.2,畅通
2024-01-09 05:40:00,东三环中路,21,64.3,畅通
2024-01-09 05:50:00,东三环中路,21,50.1,缓行
2024-01-09 06:38:00,东三环中路,15,70.4,畅通
2024-01-09 07:42:00,东三环中路,185,20.9,拥堵
2024-01-09 08:42:00,东三环中路,166,10.0,拥堵
2024-01-09 10:12:00,东三环中路,28,37.5,缓行
2024-01-09 11:20:00,东三环中路,73,22.7,拥堵
2024-01-09 11:38:00,东三环中路,77,18.8,拥堵
2024-01-09 12:30:00,东三环中路,33,54.7,缓行
2024-01-09 12:36:00,东三环中路,54,25.3,拥堵
2024-01-09 14:36:00,东三环中路,60,43.7,缓行
2024-01-09 15:52:00,东三环中路,44,34.4,缓行
2024-01-09 16:18:00,东三环中路,55,31.0,缓行
2024-01-09 16:38:00,东三环中路,44,42.4,缓行
2024-01-09 17:36:00,东三环中路,105,24.4,拥堵
2024-01-09 18:08:00,东三环中路,175,11.8,拥堵
2024-01-09 19:02:00,东三环中路,91,23.0,拥堵
2024-01-09 20:28:00,东三环中路,11,62.7,畅通
2024-01-09 20:50:00,东三环中路,14,52.3,缓行
2024-01-09 20:58:00,东三环中路,21,73.7,畅通
2024-01-09 21:24:00,东三环中路,18,48.6,缓行
2024-01-09 21:30:00,东三环中路,13,58.0,缓行
2024-01-09 22:42:00,东三环中路,20,52.1,缓行
2024-01-10 00:04:00,东三环中路,16,68.9,畅通
2024-01-10 00:16:00,东三环中路,15,66.4,畅通
2024-01-10 00:36:00,东三环中路,23,51.1,缓行
2024-01-10 01:38:00,东三环中路,22,36.9,缓行
2024-01-10 02:24:00,东三环中路,19,65.4,畅通
2024-01-10 02:32:00,东三环中路,26,52.4,缓行
2024-01-10 02:58:00,东三环中路,14,58.7,缓行
2024-01-10 03:16:00,东三环中路,18,74.2,畅通
2024-01-10 03:20:00,东三环中路,17,51.9,缓行
2024-01-10 03:44:00,东三环中路,18,45.7,缓行
2024-01-10 04:40:00,东三环中路,22,50.9,缓行
2024-01-10 04:52:00,东三环中路,19,71.0,畅通
2024-01-10 05:30:00,东三环中路,18,71.7,畅通
2024-01-10 06:34:00,东三环中路,13,59.9,缓行
2024-01-10 06:48:00,东三环中路,19,55.1,缓行
2024-01-10 07:38:00,东三环中路,167,10.0,拥堵
2024-01-10 08:08:00,东三环中路,157,10.0,拥堵
2024-01-10 08:26:00,东三环中路,152,27.3,拥堵
2024-01-10 11:24:00,东三环中路,61,38.6,缓行
2024-01-10 12:34:00,东三环中路,61,35.3,缓行
2024-01-10 13:02:00,东三环中路,88,23.1,拥堵
2024-01-10 13:04:00,东三环中路,85,27.7,拥堵
2024-01-10 15:16:00,东三环中路,67,26.8,拥堵
2024-01-10 16:18:00,东三环中路,62,28.2,拥堵
2024-01-10 16:24:00,东三环中路,39,41.2,缓行
2024-01-10 17:04:00,东三环中路,137,22.2,拥堵
2024-01-10 17:18:00,东三环中路,156,10.0,拥堵
2024-01-10 17:58:00,东三环中路,119,24.5,拥堵
2024-01-10 18:10:00,东三环中路,66,12.6,拥堵
2024-01-10 19:32:00,东三环中路,176,19.0,拥堵
2024-01-10 19:36:00,东三环中路,98,19.2,拥堵
2024-01-10 19:50:00,东三环中路,93,13.1,拥堵
2024-01-10 21:02:00,东三环中路,23,63.0,畅通
2024-01-10 21:08:00,东三环中路,16,43.2,缓行
2024-01-10 21:42:00,东三环中路,12,67.5,畅通
2024-01-10 21:44:00,东三环中路,32,61.8,畅通
2024-01-10 22:30:00,东三环中路,16,63.6,畅通
2024-01-10 23:02:00,东三环中路,20,65.3,畅通
2024-01-11 00:12:00,东三环中路,20,57.4,缓行
2024-01-11 00:34:00,东三环中路,15,63.8,畅通
2024-01-11 03:00:00,东三环中路,9,64.2,畅通
2024-01-11 03:30:00,东三环中路,16,61.3,畅通
2024-01-11 05:26:00,东三环中路,15,63.8,畅通
2024-01-11 05:54:00,东三环中路,11,56.3,缓行
2024-01-11 06:06:00,东三环中路,17,57.2,缓行
2024-01-11 06:16:00,东三环中路,15,72.9,畅通
2024-01-11 06:54:00,东三环中路,11,63.7,畅通
2024-01-11 07:22:00,东三环中路,148,22.3,拥堵
2024-01-11 07:56:00,东三环中路,94,10.0,拥堵
2024-01-11 09:28:00,东三环中路,124,10.0,拥堵
2024-01-11 09:34:00,东三环中路,99,26.3,拥堵
2024-01-11 10:48:00,东三环中路,42,44.8,缓行
2024-01-11 11:16:00,东三环中路,67,28.3,拥堵
2024-01-11 11:22:00,东三环中路,78,35.6,缓行
2024-01-11 11:40:00,东三环中路,59,37.5,缓行
2024-01-11 12:26:00,东三环中路,80,10.0,拥堵
2024-01-11 12:34:00,东三环中路,93,21.9,拥堵
2024-01-11 13:44:00,东三环中路,79,19.6,拥堵
2024-01-11 13:54:00,东三环中路,68,30.0,缓行
2024-01-11 14:42:00,东三环中路,49,43.2,缓行
2024-01-11 14:56:00,东三环中路,41,42.1,缓行
2024-01-11 15:58:00,东三环中路,62,29.0,拥堵
2024-01-11 16:38:00,东三环中路,32,44.4,缓行
2024-01-11 17:42:00,东三环中路,198,18.8,拥堵
2024-01-11 19:10:00,东三环中路,120,12.2,拥堵
2024-01-11 20:06:00,东三环中路,15,70.2,畅通
2024-01-11 20:24:00,东三环中路,14,56.9,缓行
2024-01-11 22:10:00,东三环中路,24,45.2,缓行
2024-01-11 22:58:00,东三环中路,12,63.5,畅通
2024-01-12 00:32:00,东三环中路,16,53.7,缓行
2024-01-12 00:50:00,东三环中路,25,49.3,缓行
2024-01-12 01:22:00,东三环中路,19,50.0,缓行
2024-01-12 01:54:00,东三环中路,18,41.4,缓行
2024-01-12 01:56:00,东三环中路,13,58.8,缓行
2024-01-12 02:16:00,东三环中路,10,63.4,畅通
2024-01-12 03:48:00,东三环中路,13,48.0,缓行
2024-01-12 04:52:00,东三环中路,31,51.9,缓行
2024-01-12 05:38:00,东三环中路,10,72.2,畅通
2024-01-12 06:08:00,东三环中路,12,69.9,畅通
2024-01-12 07:22:00,东三环中路,157,10.0,拥堵
2024-01-12 08:02:00,东三环中路,60,32.7,缓行
2024-01-12 08:04:00,东三环中路,130,10.4,拥堵
2024-01-12 08:28:00,东三环中路,223,15.1,拥堵
2024-01-12 10:04:00,东三环中路,52,27.8,拥堵
2024-01-12 10:08:00,东三环中路,55,39.5,缓行
2024-01-12 10:26:00,东三环中路,53,33.7,缓行
2024-01-12 11:30:00,东三环中路,86,10.7,拥堵
2024-01-12 12:02:00,东三环中路,49,16.1,拥堵
2024-01-12 12:14:00,东三环中路,59,27.2,拥堵
2024-01-12 12:22:00,东三环中路,51,30.4,缓行
2024-01-12 13:00:00,东三环中路,82,23.0,拥堵
2024-01-12 15:02:00,东三环中路,33,31.4,缓行
2024-01-12 15:40:00,东三环中路,49,38.6,缓行
2024-01-12 18:36:00,东三环中路,173,10.0,拥堵
2024-01-12 19:42:00,东三环中路,204,22.4,拥堵
2024-01-12 20:22:00,东三环中路,28,43.7,缓行
2024-01-12 20:26:00,东三环中路,21,62.5,畅通
2024-01-12 22:10:00,东三环中路,19,37.2,缓行
2024-01-12 22:38:00,东三环中路,13,53.3,缓行
2024-01-13 01:16:00,东三环中路,13,64.3,畅通
2024-01-13 01:50:00,东三环中路,9,60.1,畅通
2024-01-13 02:30:00,东三环中路,12,52.0,缓行
2024-01-13 02:36:00,东三环中路,12,80.1,畅通
2024-01-13 03:08:00,东三环中路,15,67.2,畅通
2024-01-13 04:32:00,东三环中路,7,60.8,畅通
2024-01-13 05:04:00,东三环中路,13,49.7,缓行
2024-01-13 06:28:00,东三环中路,18,48.8,缓行
2024-01-13 07:30:00,东三环中路,26,40.9,缓行
2024-01-13 07:48:00,东三环中路,60,40.6,缓行
2024-01-13 08:10:00,东三环中路,36,27.8,拥堵
2024-01-13 09:04:00,东三环中路,33,27.5,拥堵
2024-01-13 10:20:00,东三环中路,40,22.8,拥堵
2024-01-13 10:40:00,东三环中路,34,43.3,缓行
2024-01-13 10:44:00,东三环中路,34,47.3,缓行
2024-01-13 11:02:00,东三环中路,30,45.2,缓行
2024-01-13 11:32:00,东三环中路,41,19.2,拥堵
2024-01-13 11:42:00,东三环中路,43,46.5,缓行
2024-01-13 11:46:00,东三环中路,52,24.3,拥堵
2024-01-13 12:58:00,东三环中路,41,42.0,缓行
2024-01-13 14:22:00,东三环中路,22,59.4,缓行
2024-01-13 15:34:00,东三环中路,47,34.4,缓行
2024-01-13 16:34:00,东三环中路,34,28.6,拥堵
2024-01-13 16:56:00,东三环中路,16,35.3,缓行
2024-01-13 18:54:00,东三环中路,52,19.8,拥堵
2024-01-13 19:00:00,东三环中路,75,11.7,拥堵
2024-01-13 19:26:00,东三环中路,94,24.7,拥堵
2024-01-13 19:38:00,东三环中路,88,15.3,拥堵
2024-01-13 19:50:00,东三环中路,59,11.3,拥堵
2024-01-13 20:00:00,东三环中路,10,65.7,畅通
2024-01-13 22:56:00,东三环中路,19,59.3,缓行
2024-01-13 23:18:00,东三环中路,18,65.1,畅通
2024-01-13 23:54:00,东三环中路,6,76.4,畅通
2024-01-13 23:58:00,东三环中路,8,63.8,畅通
2024-01-14 00:50:00,东三环中路,10,59.0,缓行
2024-01-14 01:00:00,东三环中路,11,63.7,畅通
2024-01-14 02:46:00,东三环中路,11,47.0,缓行
2024-01-14 03:00:00,东三环中路,10,55.9,缓行
2024-01-14 04:28:00,东三环中路,20,53.5,缓行
2024-01-14 06:24:00,东三环中路,6,69.2,畅通
2024-01-14 07:26:00,东三环中路,51,17.2,拥堵
2024-01-14 07:36:00,东三环中路,46,25.2,拥堵
2024-01-14 07:58:00,东三环中路,51,15.1,拥堵
2024-01-14 08:04:00,东三环中路,48,10.0,拥堵
2024-01-14 08:14:00,东三环中路,34,15.1,拥堵
2024-01-14 08:50:00,东三环中路,22,30.6,缓行
2024-01-14 09:18:00,东三环中路,25,19.3,拥堵
2024-01-14 11:10:00,东三环中路,36,22.9,拥堵
2024-01-14 12:06:00,东三环中路,43,22.0,拥堵
2024-01-14 12:50:00,东三环中路,59,50.6,缓行
2024-01-14 12:52:00,东三环中路,60,33.3,缓行
2024-01-14 13:02:00,东三环中路,56,15.7,拥堵
2024-01-14 13:18:00,东三环中路,59,38.7,缓行
2024-01-14 13:50:00,东三环中路,57,21.6,拥堵
2024-01-14 14:24:00,东三环中路,50,34.1,缓行
2024-01-14 16:16:00,东三环中路,28,41.7,缓行
2024-01-14 16:42:00,东三环中路,36,37.9,缓行
2024-01-14 18:44:00,东三环中路,59,22.9,拥堵
2024-01-14 19:00:00,东三环中路,78,24.3,拥堵
2024-01-14 20:08:00,东三环中路,8,62.8,畅通
2024-01-14 20:18:00,东三环中路,18,63.2,畅通
2024-01-14 20:26:00,东三环中路,8,69.3,畅通
2024-01-14 21:20:00,东三环中路,16,64.1,畅通
2024-01-14 22:04:00,东三环中路,11,69.4,畅通
2024-01-14 22:52:00,东三环中路,14,56.1,缓行
2024-01-14 23:10:00,东三环中路,9,64.5,畅通
2024-01-15 00:14:00,东三环中路,20,50.6,缓行
2024-01-15 00:32:00,东三环中路,25,42.0,缓行
2024-01-15 00:54:00,东三环中路,25,49.9,缓行
2024-01-15 01:16:00,东三环中路,28,58.5,缓行
2024-01-15 01:48:00,东三环中路,21,69.0,畅通
2024-01-15 02:54:00,东三环中路,20,57.9,缓行
2024-01-15 04:32:00,东三环中路,19,50.6,缓行
2024-01-15 04:42:00,东三环中路,7,52.1,缓行
2024-01-15 05:04:00,东三环中路,15,60.3,畅通
2024-01-15 05:24:00,东三环中路,21,67.5,畅通
2024-01-15 05:52:00,东三环中路,14,63.9,畅通
2024-01-15 06:34:00,东三环中路,12,67.6,畅通
2024-01-15 07:20:00,东三环中路,97,18.5,拥堵
2024-01-15 08:06:00,东三环中路,93,10.0,拥堵
2024-01-15 08:42:00,东三环中路,170,10.0,拥堵
2024-01-15 11:48:00,东三环中路,56,35.2,缓行
2024-01-15 12:00:00,东三环中路,75,24.7,拥堵
2024-01-15 15:32:00,东三环中路,29,37.5,缓行
2024-01-15 16:12:00,东三环中路,30,28.7,拥堵
2024-01-15 17:08:00,东三环中路,108,21.1,拥堵
2024-01-15 18:08:00,东三环中路,192,10.0,拥堵
2024-01-15 18:12:00,东三环中路,189,15.5,拥堵
2024-01-15 19:28:00,东三环中路,123,10.0,拥堵
2024-01-15 19:32:00,东三环中路,149,10.8,拥堵
2024-01-15 20:44:00,东三环中路,26,61.6,畅通
2024-01-15 21:48:00,东三环中路,20,85.7,畅通
2024-01-15 21:50:00,东三环中路,13,52.5,缓行
2024-01-15 22:36:00,东三环中路,17,61.6,畅通
2024-01-15 22:56:00,东三环中路,14,63.9,畅通
2024-01-15 23:34:00,东三环中路,18,57.4,缓行
2024-01-15 23:42:00,东三环中路,26,46.9,缓行
2024-01-15 23:52:00,东三环中路,19,65.1,畅通
2024-01-16 00:08:00,东三环中路,16,56.7,缓行
2024-01-16 01:00:00,东三环中路,14,68.7,畅通
2024-01-16 02:02:00,东三环中路,18,57.4,缓行
2024-01-16 02:28:00,东三环中路,30,52.0,缓行
2024-01-16 02:48:00,东三环中路,19,54.4,缓行
2024-01-16 02:58:00,东三环中路,18,58.3,缓行
2024-01-16 03:06:00,东三环中路,21,40.2,缓行
2024-01-16 03:24:00,东三环中路,20,52.6,缓行
2024-01-16 04:16:00,东三环中路,19,52.4,缓行
2024-01-16 06:48:00,东三环中路,15,61.1,畅通
2024-01-16 06:50:00,东三环中路,15,56.6,缓行
2024-01-16 07:28:00,东三环中路,104,18.8,拥堵
2024-01-16 08:46:00,东三环中路,72,16.7,拥堵
2024-01-16 09:06:00,东三环中路,169,16.1,拥堵
2024-01-16 09:26:00,东三环中路,118,23.7,拥堵
2024-01-16 10:54:00,东三环中路,28,44.5,缓行
2024-01-16 13:56:00,东三环中路,88,18.1,拥堵
2024-01-16 14:44:00,东三环中路,56,31.1,缓行
2024-01-16 15:34:00,东三环中路,39,31.5,缓行
2024-01-16 16:12:00,东三环中路,49,35.5,缓行
2024-01-16 16:54:00,东三环中路,73,22.3,拥堵
2024-01-16 17:38:00,东三环中路,135,10.0,拥堵
2024-01-16 20:16:00,东三环中路,22,62.6,畅通
2024-01-16 20:44:00,东三环中路,23,60.5,畅通
2024-01-16 21:30:00,东三环中路,16,42.9,缓行
2024-01-16 21:44:00,东三环中路,17,59.6,缓行
2024-01-17 00:08:00,东三环中路,18,56.5,缓行
2024-01-17 01:48:00,东三环中路,21,51.8,缓行
2024-01-17 01:58:00,东三环中路,12,73.7,畅通
2024-01-17 02:04:00,东三环中路,29,58.2,缓行
2024-01-17 03:10:00,东三环中路,19,56.8,缓行
2024-01-17 04:14:00,东三环中路,25,64.7,畅通
2024-01-17 04:44:00,东三环中路,23,62.1,畅通
2024-01-17 05:32:00,东三环中路,19,54.5,缓行
2024-01-17 05:40:00,东三环中路,13,57.1,缓行
2024-01-17 05:54:00,东三环中路,23,53.3,缓行
2024-01-17 06:56:00,东三环中路,17,59.5,缓行
2024-01-17 07:38:00,东三环中路,68,10.0,拥堵
2024-01-17 09:16:00,东三环中路,58,18.6,拥堵
2024-01-17 09:48:00,东三环中路,93,10.0,拥堵
2024-01-17 10:12:00,东三环中路,38,52.1,缓行
2024-01-17 10:28:00,东三环中路,55,56.9,缓行
2024-01-17 10:50:00,东三环中路,35,43.9,缓行
2024-01-17 10:52:00,东三环中路,50,43.8,缓行
2024-01-17 11:22:00,东三环中路,93,13.0,拥堵
2024-01-17 12:30:00,东三环中路,95,25.4,拥堵
2024-01-17 13:08:00,东三环中路,50,34.1,缓行
2024-01-17 13:46:00,东三环中路,99,20.7,拥堵
2024-01-17 13:50:00,东三环中路,73,33.4,缓行
2024-01-17 14:00:00,东三环中路,61,32.1,缓行
2024-01-17 14:32:00,东三环中路,76,21.9,拥堵
2024-01-17 15:56:00,东三环中路,52,46.0,缓行
2024-01-17 16:40:00,东三环中路,61,34.1,缓行
2024-01-17 16:48:00,东三环中路,59,26.3,拥堵
2024-01-17 17:42:00,东三环中路,232,10.0,拥堵
2024-01-17 18:26:00,东三环中路,129,18.4,拥堵
2024-01-17 18:50:00,东三环中路,65,32.5,缓行
2024-01-17 19:06:00,东三环中路,107,13.2,拥堵
2024-01-17 19:10:00,东三环中路,150,10.0,拥堵
2024-01-17 19:12:00,东三环中路,180,10.0,拥堵
2024-01-17 19:14:00,东三环中路,137,10.0,拥堵
2024-01-17 19:50:00,东三环中路,169,10.0,拥堵
2024-01-17 20:04:00,东三环中路,12,63.6,畅通
2024-01-17 20:52:00,东三环中路,13,58.6,缓行
2024-01-17 21:02:00,东三环中路,15,56.3,缓行
2024-01-17 21:16:00,东三环中路,23,60.2,畅通
2024-01-17 21:50:00,东三环中路,20,51.3,缓行
2024-01-17 23:48:00,东三环中路,10,53.1,缓行
2024-01-18 00:54:00,东三环中路,18,68.9,畅通
2024-01-18 01:16:00,东三环中路,21,52.0,缓行
2024-01-18 02:02:00,东三环中路,19,64.4,畅通
2024-01-18 02:28:00,东三环中路,15,67.6,畅通
2024-01-18 02:34:00,东三环中路,13,57.5,缓行
2024-01-18 02:52:00,东三环中路,21,54.7,缓行
2024-01-18 03:54:00,东三环中路,19,56.1,缓行
2024-01-18 04:02:00,东三环中路,28,41.9,缓行
2024-01-18 04:58:00,东三环中路,12,59.0,缓行
2024-01-18 05:00:00,东三环中路,11,68.2,畅通
2024-01-18 05:12:00,东三环中路,25,59.0,缓行
2024-01-18 05:24:00,东三环中路,20,71.1,畅通
2024-01-18 05:40:00,东三环中路,21,59.4,缓行
2024-01-18 05:48:00,东三环中路,20,49.3,缓行
2024-01-18 06:34:00,东三环中路,11,66.5,畅通
2024-01-18 06:56:00,东三环中路,19,60.6,畅通
2024-01-18 09:02:00,东三环中路,165,20.8,拥堵
2024-01-18 09:58:00,东三环中路,93,13.9,拥堵
2024-01-18 13:06:00,东三环中路,49,37.5,缓行
2024-01-18 13:08:00,东三环中路,61,27.8,拥堵
2024-01-18 13:34:00,东三环中路,77,19.0,拥堵
2024-01-18 13:42:00,东三环中路,33,29.6,拥堵
2024-01-18 14:24:00,东三环中路,41,31.1,缓行
2024-01-18 14:50:00,东三环中路,56,48.3,缓行
2024-01-18 15:28:00,东三环中路,41,36.3,缓行
2024-01-18 16:14:00,东三环中路,31,43.5,缓行
2024-01-18 16:56:00,东三环中路,48,34.3,缓行
2024-01-18 17:32:00,东三环中路,140,10.0,拥堵
2024-01-18 19:06:00,东三环中路,114,10.0,拥堵
2024-01-18 19:42:00,东三环中路,185,16.2,拥堵
2024-01-18 19:44:00,东三环中路,124,10.7,拥堵
2024-01-18 20:12:00,东三环中路,13,57.8,缓行
2024-01-18 20:44:00,东三环中路,6,75.4,畅通
2024-01-18 21:42:00,东三环中路,15,55.0,缓行
2024-01-18 22:08:00,东三环中路,18,59.1,缓行
2024-01-18 22:12:00,东三环中路,20,55.4,缓行
2024-01-18 23:04:00,东三环中路,26,57.9,缓行
2024-01-18 23:12:00,东三环中路,15,55.6,缓行
2024-01-19 00:02:00,东三环中路,20,60.7,畅通
2024-01-19 00:56:00,东三环中路,13,59.3,缓行
2024-01-19 00:58:00,东三环中路,27,54.0,缓行
2024-01-19 02:28:00,东三环中路,14,72.1,畅通
2024-01-19 03:02:00,东三环中路,15,37.5,缓行
2024-01-19 03:40:00,东三环中路,17,61.8,畅通
2024-01-19 04:02:00,东三环中路,17,63.5,畅通
2024-01-19 04:20:00,东三环中路,24,55.5,缓行
2024-01-19 06:26:00,东三环中路,21,43.6,缓行
2024-01-19 06:38:00,东三环中路,14,53.9,缓行
2024-01-19 06:50:00,东三环中路,22,47.9,缓行
2024-01-19 07:00:00,东三环中路,138,13.7,拥堵
2024-01-19 07:30:00,东三环中路,136,10.0,拥堵
2024-01-19 08:14:00,东三环中路,62,10.2,拥堵
2024-01-19 08:30:00,东三环中路,63,17.2,拥堵
2024-01-19 10:00:00,东三环中路,12,59.3,缓行
2024-01-19 10:40:00,东三环中路,57,22.6,拥堵
2024-01-19 10:46:00,东三环中路,32,54.8,缓行
2024-01-19 13:06:00,东三环中路,82,27.0,拥堵
2024-01-19 14:32:00,东三环中路,55,31.4,缓行
2024-01-19 15:04:00,东三环中路,78,22.5,拥堵
2024-01-19 15:12:00,东三环中路,35,31.3,缓行
2024-01-19 15:22:00,东三环中路,61,29.4,拥堵
2024-01-19 15:54:00,东三环中路,74,34.3,缓行
2024-01-19 18:22:00,东三环中路,180,10.4,拥堵
2024-01-19 18:34:00,东三环中路,162,10.0,拥堵
2024-01-19 18:38:00,东三环中路,168,30.7,缓行
2024-01-19 19:50:00,东三环中路,87,11.3,拥堵
2024-01-19 20:18:00,东三环中路,7,67.6,畅通
2024-01-19 21:32:00,东三环中路,17,63.9,畅通
2024-01-19 23:22:00,东三环中路,16,65.3,畅通
2024-01-19 23:34:00,东三环中路,17,53.0,缓行
2024-01-19 23:48:00,东三环中路,23,53.7,缓行
2024-01-20 00:04:00,东三环中路,13,59.9,缓行
2024-01-20 00:18:00,东三环中路,18,63.0,畅通
2024-01-20 00:34:00,东三环中路,12,65.3,畅通
2024-01-20 01:06:00,东三环中路,6,74.4,畅通
2024-01-20 01:24:00,东三环中路,6,56.7,缓行
2024-01-20 01:34:00,东三环中路,14,70.1,畅通
2024-01-20 02:08:00,东三环中路,13,54.9,缓行
2024-01-20 03:50:00,东三环中路,14,62.3,畅通
2024-01-20 04:24:00,东三环中路,15,56.5,缓行
2024-01-20 04:58:00,东三环中路,13,58.7,缓行
2024-01-20 05:16:00,东三环中路,16,64.5,畅通
2024-01-20 05:32:00,东三环中路,14,60.9,畅通
2024-01-20 06:34:00,东三环中路,12,61.1,畅通
2024-01-20 06:40:00,东三环中路,5,66.9,畅通
2024-01-20 06:58:00,东三环中路,12,75.4,畅通
2024-01-20 07:24:00,东三环中路,54,33.2,缓行
2024-01-20 08:46:00,东三环中路,30,24.2,拥堵
2024-01-20 10:52:00,东三环中路,26,50.7,缓行
2024-01-20 12:16:00,东三环中路,70,22.4,拥堵
2024-01-20 12:24:00,东三环中路,49,17.7,拥堵
2024-01-20 12:40:00,东三环中路,25,34.0,缓行
2024-01-20 12:44:00,东三环中路,35,45.7,缓行
2024-01-20 13:26:00,东三环中路,52,27.6,拥堵
2024-01-20 13:36:00,东三环中路,48,36.2,缓行
2024-01-20 13:44:00,东三环中路,31,36.9,缓行
2024-01-20 15:52:00,东三环中路,34,39.2,缓行
2024-01-20 15:56:00,东三环中路,37,40.8,缓行
2024-01-20 16:16:00,东三环中路,42,27.3,拥堵
2024-01-20 16:28:00,东三环中路,29,47.9,缓行
2024-01-20 16:40:00,东三环中路,38,47.2,缓行
2024-01-20 18:12:00,东三环中路,75,17.6,拥堵
2024-01-20 18:48:00,东三环中路,63,10.0,拥堵
2024-01-20 20:44:00,东三环中路,16,48.8,缓行
2024-01-20 21:36:00,东三环中路,12,65.7,畅通
2024-01-20 21:40:00,东三环中路,21,73.5,畅通
2024-01-20 21:46:00,东三环中路,17,61.5,畅通
2024-01-20 23:44:00,东三环中路,7,66.2,畅通
2024-01-20 23:58:00,东三环中路,8,60.7,畅通
2024-01-21 00:38:00,东三环中路,14,68.1,畅通
2024-01-21 01:22:00,东三环中路,12,78.6,畅通
2024-01-21 03:04:00,东三环中路,5,67.8,畅通
2024-01-21 03:38:00,东三环中路,17,61.2,畅通
2024-01-21 04:06:00,东三环中路,15,62.5,畅通
2024-01-21 04:22:00,东三环中路,14,68.2,畅通
2024-01-21 04:28:00,东三环中路,15,49.9,缓行
2024-01-21 04:56:00,东三环中路,10,64.9,畅通
2024-01-21 05:06:00,东三环中路,12,52.6,缓行
2024-01-21 05:20:00,东三环中路,15,59.4,缓行
2024-01-21 05:24:00,东三环中路,11,80.3,畅通
2024-01-21 05:28:00,东三环中路,8,59.3,缓行
2024-01-21 05:36:00,东三环中路,15,60.2,畅通
2024-01-21 09:08:00,东三环中路,50,24.2,拥堵
2024-01-21 09:26:00,东三环中路,50,24.6,拥堵
2024-01-21 09:34:00,东三环中路,49,25.3,拥堵
2024-01-21 10:52:00,东三环中路,30,56.3,缓行
2024-01-21 10:54:00,东三环中路,27,56.7,缓行
2024-01-21 11:18:00,东三环中路,33,28.5,拥堵
2024-01-21 11:52:00,东三环中路,40,32.0,缓行
2024-01-21 12:06:00,东三环中路,81,43.5,缓行
2024-01-21 13:18:00,东三环中路,63,22.6,拥堵
2024-01-21 13:48:00,东三环中路,23,50.0,缓行
2024-01-21 15:30:00,东三环中路,43,29.8,拥堵
2024-01-21 16:50:00,东三环中路,17,38.0,缓行
2024-01-21 17:46:00,东三环中路,71,10.0,拥堵
2024-01-21 17:48:00,东三环中路,59,23.2,拥堵
2024-01-21 18:02:00,东三环中路,75,10.0,拥堵
2024-01-21 19:00:00,东三环中路,38,26.9,拥堵
2024-01-21 19:12:00,东三环中路,86,10.0,拥堵
2024-01-21 19:52:00,东三环中路,98,19.7,拥堵
2024-01-21 20:06:00,东三环中路,12,54.1,缓行
2024-01-21 22:26:00,东三环中路,12,54.6,缓行
2024-01-21 22:42:00,东三环中路,15,63.5,畅通
2024-01-21 23:02:00,东三环中路,14,72.3,畅通
2024-01-21 23:42:00,东三环中路,13,47.9,缓行
2024-01-21 23:58:00,东三环中路,10,56.1,缓行
2024-01-22 00:34:00,东三环中路,25,47.8,缓行
2024-01-22 00:38:00,东三环中路,18,48.3,缓行
2024-01-22 00:42:00,东三环中路,11,49.9,缓行
2024-01-22 00:56:00,东三环中路,21,51.7,缓行
2024-01-22 01:10:00,东三环中路,18,73.9,畅通
2024-01-22 03:36:00,东三环中路,10,74.9,畅通
2024-01-22 03:42:00,东三环中路,8,61.4,畅通
2024-01-22 04:52:00,东三环中路,14,45.7,缓行
2024-01-22 05:20:00,东三环中路,13,63.6,畅通
2024-01-22 05:24:00,东三环中路,11,69.6,畅通
2024-01-22 07:58:00,东三环中路,118,10.0,拥堵
2024-01-22 08:24:00,东三环中路,80,20.8,拥堵
2024-01-22 08:32:00,东三环中路,55,14.0,拥堵
2024-01-22 08:34:00,东三环中路,119,16.2,拥堵
2024-01-22 09:24:00,东三环中路,182,25.4,拥堵
2024-01-22 09:56:00,东三环中路,244,12.1,拥堵
2024-01-22 10:08:00,东三环中路,24,51.6,缓行
2024-01-22 10:26:00,东三环中路,23,47.2,缓行
2024-01-22 10:28:00,东三环中路,66,10.0,拥堵
2024-01-22 10:58:00,东三环中路,24,43.9,缓行
2024-01-22 11:24:00,东三环中路,87,10.0,拥堵
2024-01-22 11:58:00,东三环中路,70,27.1,拥堵
2024-01-22 12:02:00,东三环中路,75,21.4,拥堵
2024-01-22 13:28:00,东三环中路,110,25.0,拥堵
2024-01-22 14:08:00,东三环中路,38,41.2,缓行
2024-01-22 14:20:00,东三环中路,23,39.9,缓行
2024-01-22 14:36:00,东三环中路,33,38.1,缓行
2024-01-22 14:46:00,东三环中路,63,37.4,缓行
2024-01-22 14:50:00,东三环中路,67,31.0,缓行
2024-01-22 18:48:00,东三环中路,172,15.9,拥堵
2024-01-22 19:44:00,东三环中路,223,10.0,拥堵
2024-01-22 20:52:00,东三环中路,15,45.6,缓行
2024-01-22 21:34:00,东三环中路,15,64.0,畅通
2024-01-22 22:06:00,东三环中路,9,57.3,缓行
2024-01-22 22:38:00,东三环中路,15,64.0,畅通
2024-01-22 23:38:00,东三环中路,13,71.1,畅通
2024-01-23 00:20:00,东三环中路,5,60.3,畅通
2024-01-23 00:28:00,东三环中路,21,68.8,畅通
2024-01-23 01:12:00,东三环中路,8,81.8,畅通
2024-01-23 01:48:00,东三环中路,21,55.3,缓行
2024-01-23 02:22:00,东三环中路,18,54.9,缓行
2024-01-23 02:54:00,东三环中路,15,64.2,畅通
2024-01-23 03:00:00,东三环中路,24,57.1,缓行
2024-01-23 03:36:00,东三环中路,19,66.1,畅通
2024-01-23 04:14:00,东三环中路,13,73.5,畅通
2024-01-23 04:20:00,东三环中路,15,81.2,畅通
2024-01-23 05:06:00,东三环中路,18,55.9,缓行
2024-01-23 05:32:00,东三环中路,16,61.4,畅通
2024-01-23 06:08:00,东三环中路,13,48.0,缓行
2024-01-23 07:12:00,东三环中路,168,10.0,拥堵
2024-01-23 07:30:00,东三环中路,132,10.0,拥堵
2024-01-23 07:58:00,东三环中路,82,29.0,拥堵
2024-01-23 08:58:00,东三环中路,156,14.7,拥堵
2024-01-23 09:02:00,东三环中路,35,31.7,缓行
2024-01-23 09:20:00,东三环中路,131,10.2,拥堵
2024-01-23 09:52:00,东三环中路,122,10.0,拥堵
2024-01-23 10:14:00,东三环中路,58,29.0,拥堵
2024-01-23 11:08:00,东三环中路,60,30.0,缓行
2024-01-23 11:22:00,东三环中路,39,34.0,缓行
2024-01-23 11:38:00,东三环中路,41,31.5,缓行
2024-01-23 13:18:00,东三环中路,96,15.4,拥堵
2024-01-23 14:06:00,东三环中路,56,29.6,拥堵
2024-01-23 15:12:00,东三环中路,50,35.3,缓行
2024-01-23 15:42:00,东三环中路,49,29.5,拥堵
2024-01-23 16:06:00,东三环中路,46,27.3,拥堵
2024-01-23 16:26:00,东三环中路,30,37.8,缓行
2024-01-23 17:38:00,东三环中路,96,14.5,拥堵
2024-01-23 17:46:00,东三环中路,113,27.9,拥堵
2024-01-23 20:08:00,东三环中路,19,55.9,缓行
2024-01-23 20:12:00,东三环中路,14,68.0,畅通
2024-01-23 21:36:00,东三环中路,22,64.2,畅通
2024-01-23 22:10:00,东三环中路,21,48.9,缓行
2024-01-23 22:18:00,东三环中路,8,67.2,畅通
2024-01-23 22:32:00,东三环中路,9,56.9,缓行
2024-01-23 22:46:00,东三环中路,17,59.6,缓行
2024-01-24 00:00:00,东三环中路,12,79.6,畅通
2024-01-24 00:32:00,东三环中路,22,43.3,缓行
2024-01-24 00:52:00,东三环中路,15,51.7,缓行
2024-01-24 02:18:00,东三环中路,15,56.0,缓行
2024-01-24 02:56:00,东三环中路,26,47.7,缓行
2024-01-24 03:14:00,东三环中路,11,55.7,缓行
2024-01-24 04:12:00,东三环中路,14,53.9,缓行
2024-01-24 05:04:00,东三环中路,24,42.2,缓行
2024-01-24 05:20:00,东三环中路,20,69.2,畅通
2024-01-24 05:26:00,东三环中路,23,59.2,缓行
2024-01-24 05:38:00,东三环中路,18,54.2,缓行
2024-01-24 07:34:00,东三环中路,44,28.8,拥堵
2024-01-24 07:50:00,东三环中路,109,10.0,拥堵
2024-01-24 09:32:00,东三环中路,97,11.0,拥堵
2024-01-24 09:52:00,东三环中路,171,15.0,拥堵
2024-01-24 10:40:00,东三环中路,38,33.7,缓行
2024-01-24 10:42:00,东三环中路,65,10.9,拥堵
2024-01-24 13:50:00,东三环中路,109,13.5,拥堵
2024-01-24 15:58:00,东三环中路,47,46.6,缓行
2024-01-24 16:24:00,东三环中路,20,29.5,拥堵
2024-01-24 16:50:00,东三环中路,39,41.5,缓行
2024-01-24 16:52:00,东三环中路,66,40.4,缓行
2024-01-24 17:04:00,东三环中路,206,14.5,拥堵
2024-01-24 17:46:00,东三环中路,141,27.5,拥堵
2024-01-24 19:00:00,东三环中路,209,18.5,拥堵
2024-01-24 19:30:00,东三环中路,158,18.4,拥堵
2024-01-24 19:50:00,东三环中路,179,20.8,拥堵
2024-01-24 20:00:00,东三环中路,13,42.2,缓行
2024-01-24 20:42:00,东三环中路,16,70.6,畅通
2024-01-24 22:06:00,东三环中路,17,57.6,缓行
2024-01-24 22:14:00,东三环中路,12,62.6,畅通
2024-01-24 22:48:00,东三环中路,29,64.0,畅通
2024-01-24 22:52:00,东三环中路,19,47.4,缓行
2024-01-24 23:26:00,东三环中路,13,60.3,畅通
2024-01-25 00:02:00,东三环中路,16,64.4,畅通
2024-01-25 00:42:00,东三环中路,18,52.7,缓行
2024-01-25 00:54:00,东三环中路,19,46.9,缓行
2024-01-25 01:04:00,东三环中路,17,57.7,缓行
2024-01-25 01:30:00,东三环中路,18,59.8,缓行
2024-01-25 02:30:00,东三环中路,17,82.5,畅通
2024-01-25 04:06:00,东三环中路,24,65.2,畅通
2024-01-25 04:08:00,东三环中路,23,49.6,缓行
2024-01-25 04:44:00,东三环中路,26,70.6,畅通
2024-01-25 05:04:00,东三环中路,14,65.4,畅通
2024-01-25 05:12:00,东三环中路,23,44.7,缓行
2024-01-25 05:42:00,东三环中路,10,52.7,缓行
2024-01-25 05:44:00,东三环中路,13,61.2,畅通
2024-01-25 06:28:00,东三环中路,20,53.7,缓行
2024-01-25 07:16:00,东三环中路,155,10.0,拥堵
2024-01-25 07:46:00,东三环中路,72,12.7,拥堵
2024-01-25 08:02:00,东三环中路,197,23.7,拥堵
2024-01-25 08:30:00,东三环中路,110,14.7,拥堵
2024-01-25 09:16:00,东三环中路,170,12.0,拥堵
2024-01-25 09:30:00,东三环中路,171,11.2,拥堵
2024-01-25 09:34:00,东三环中路,142,15.7,拥堵
2024-01-25 09:44:00,东三环中路,160,10.0,拥堵
2024-01-25 09:46:00,东三环中路,141,10.0,拥堵
2024-01-25 09:58:00,东三环中路,98,23.9,拥堵
2024-01-25 10:14:00,东三环中路,37,38.0,缓行
2024-01-25 10:56:00,东三环中路,45,19.5,拥堵
2024-01-25 11:34:00,东三环中路,68,20.0,拥堵
2024-01-25 11:50:00,东三环中路,77,22.9,拥堵
2024-01-25 12:56:00,东三环中路,54,53.2,缓行
2024-01-25 13:10:00,东三环中路,48,51.0,缓行
2024-01-25 13:24:00,东三环中路,75,33.1,缓行
2024-01-25 13:32:00,东三环中路,96,13.7,拥堵
2024-01-25 13:58:00,东三环中路,76,31.1,缓行
2024-01-25 14:22:00,东三环中路,57,22.3,拥堵
2024-01-25 15:30:00,东三环中路,68,29.7,拥堵
2024-01-25 15:32:00,东三环中路,49,36.5,缓行
2024-01-25 16:52:00,东三环中路,60,39.4,缓行
2024-01-25 17:16:00,东三环中路,142,20.0,拥堵
2024-01-25 18:52:00,东三环中路,275,10.0,拥堵
2024-01-25 18:58:00,东三环中路,120,10.0,拥堵
2024-01-25 19:08:00,东三环中路,146,19.1,拥堵
2024-01-25 20:00:00,东三环中路,13,62.1,畅通
2024-01-25 21:04:00,东三环中路,14,63.1,畅通
2024-01-25 21:32:00,东三环中路,29,39.6,缓行
2024-01-25 22:18:00,东三环中路,16,66.1,畅通
2024-01-25 22:52:00,东三环中路,22,65.1,畅通
2024-01-25 23:12:00,东三环中路,17,47.1,缓行
2024-01-26 00:04:00,东三环中路,27,52.4,缓行
2024-01-26 00:16:00,东三环中路,12,68.5,畅通
2024-01-26 00:20:00,东三环中路,11,71.6,畅通
2024-01-26 00:22:00,东三环中路,15,53.5,缓行
2024-01-26 00:52:00,东三环中路,14,62.1,畅通
2024-01-26 02:14:00,东三环中路,15,44.9,缓行
2024-01-26 02:28:00,东三环中路,24,66.0,畅通
2024-01-26 02:56:00,东三环中路,10,43.2,缓行
2024-01-26 04:22:00,东三环中路,22,58.1,缓行
2024-01-26 04:40:00,东三环中路,15,55.2,缓行
2024-01-26 04:56:00,东三环中路,16,50.8,缓行
2024-01-26 05:14:00,东三环中路,29,51.7,缓行
2024-01-26 05:20:00,东三环中路,15,53.7,缓行
2024-01-26 05:32:00,东三环中路,27,52.0,缓行
2024-01-26 05:34:00,东三环中路,20,64.7,畅通
2024-01-26 06:16:00,东三环中路,23,66.8,畅通
2024-01-26 06:26:00,东三环中路,19,64.3,畅通
2024-01-26 07:10:00,东三环中路,105,24.0,拥堵
2024-01-26 07:18:00,东三环中路,161,13.6,拥堵
2024-01-26 07:34:00,东三环中路,116,15.2,拥堵
2024-01-26 07:40:00,东三环中路,63,28.2,拥堵
2024-01-26 07:52:00,东三环中路,58,26.3,拥堵
2024-01-26 08:58:00,东三环中路,106,10.0,拥堵
2024-01-26 09:58:00,东三环中路,113,21.5,拥堵
2024-01-26 10:58:00,东三环中路,34,44.6,缓行
2024-01-26 11:28:00,东三环中路,88,25.7,拥堵
2024-01-26 11:52:00,东三环中路,29,37.5,缓行
2024-01-26 13:04:00,东三环中路,67,39.6,缓行
2024-01-26 13:18:00,东三环中路,71,11.5,拥堵
2024-01-26 15:12:00,东三环中路,59,28.2,拥堵
2024-01-26 16:34:00,东三环中路,40,48.2,缓行
2024-01-26 16:54:00,东三环中路,56,29.3,拥堵
2024-01-26 17:26:00,东三环中路,209,14.4,拥堵
2024-01-26 18:42:00,东三环中路,74,11.9,拥堵
2024-01-26 20:12:00,东三环中路,16,58.3,缓行
2024-01-26 20:30:00,东三环中路,12,47.9,缓行
2024-01-26 20:54:00,东三环中路,20,51.0,缓行
2024-01-26 21:08:00,东三环中路,18,65.2,畅通
2024-01-26 21:34:00,东三环中路,26,49.6,缓行
2024-01-26 21:50:00,东三环中路,21,54.3,缓行
2024-01-26 22:02:00,东三环中路,11,62.4,畅通
2024-01-26 22:16:00,东三环中路,19,52.0,缓行
2024-01-26 22:18:00,东三环中路,15,54.8,缓行
2024-01-26 22:36:00,东三环中路,32,47.8,缓行
2024-01-26 23:20:00,东三环中路,16,69.1,畅通
2024-01-27 00:06:00,东三环中路,15,50.1,缓行
2024-01-27 00:42:00,东三环中路,9,74.6,畅通
2024-01-27 02:34:00,东三环中路,7,58.3,缓行
2024-01-27 03:18:00,东三环中路,14,68.8,畅通
2024-01-27 03:50:00,东三环中路,11,56.0,缓行
2024-01-27 04:04:00,东三环中路,13,72.1,畅通
2024-01-27 06:06:00,东三环中路,15,67.3,畅通
2024-01-27 06:34:00,东三环中路,15,53.7,缓行
2024-01-27 06:44:00,东三环中路,12,74.2,畅通
2024-01-27 07:08:00,东三环中路,29,27.6,拥堵
2024-01-27 08:26:00,东三环中路,46,14.9,拥堵
2024-01-27 08:32:00,东三环中路,43,33.7,缓行
2024-01-27 09:24:00,东三环中路,53,21.1,拥堵
2024-01-27 10:28:00,东三环中路,60,26.8,拥堵
2024-01-27 11:12:00,东三环中路,67,26.3,拥堵
2024-01-27 11:36:00,东三环中路,39,16.0,拥堵
2024-01-27 11:38:00,东三环中路,67,37.7,缓行
2024-01-27 12:06:00,东三环中路,23,35.7,缓行
2024-01-27 13:08:00,东三环中路,8,40.2,缓行
2024-01-27 13:26:00,东三环中路,56,30.4,缓行
2024-01-27 13:38:00,东三环中路,67,21.9,拥堵
2024-01-27 13:50:00,东三环中路,45,32.0,缓行
2024-01-27 15:24:00,东三环中路,36,49.9,缓行
2024-01-27 15:52:00,东三环中路,40,37.1,缓行
2024-01-27 16:08:00,东三环中路,32,58.7,缓行
2024-01-27 16:38:00,东三环中路,42,37.8,缓行
2024-01-27 17:34:00,东三环中路,64,17.8,拥堵
2024-01-27 18:08:00,东三环中路,39,23.6,拥堵
2024-01-27 18:48:00,东三环中路,64,27.4,拥堵
2024-01-27 18:50:00,东三环中路,54,33.5,缓行
2024-01-27 18:58:00,东三环中路,113,27.4,拥堵
2024-01-27 19:30:00,东三环中路,109,10.0,拥堵
2024-01-27 19:38:00,东三环中路,74,11.6,拥堵
2024-01-27 19:40:00,东三环中路,54,17.0,拥堵
2024-01-27 21:22:00,东三环中路,15,69.8,畅通
2024-01-27 21:34:00,东三环中路,13,60.1,畅通
2024-01-27 21:44:00,东三环中路,11,62.1,畅通
2024-01-27 21:52:00,东三环中路,10,60.1,畅通
2024-01-27 23:42:00,东三环中路,13,59.6,缓行
2024-01-28 00:10:00,东三环中路,5,63.5,畅通
2024-01-28 00:52:00,东三环中路,15,74.6,畅通
2024-01-28 01:30:00,东三环中路,13,57.5,缓行
2024-01-28 02:20:00,东三环中路,10,50.8,缓行
2024-01-28 02:48:00,东三环中路,13,64.0,畅通
2024-01-28 02:58:00,东三环中路,7,54.4,缓行
2024-01-28 03:00:00,东三环中路,8,64.0,畅通
2024-01-28 03:12:00,东三环中路,16,64.7,畅通
2024-01-28 03:48:00,东三环中路,10,66.5,畅通
2024-01-28 05:46:00,东三环中路,18,68.6,畅通
2024-01-28 06:32:00,东三环中路,9,73.0,畅通
2024-01-28 07:04:00,东三环中路,28,19.5,拥堵
2024-01-28 08:40:00,东三环中路,18,32.3,缓行
2024-01-28 09:06:00,东三环中路,40,42.4,缓行
2024-01-28 09:32:00,东三环中路,34,14.9,拥堵
2024-01-28 09:44:00,东三环中路,68,17.3,拥堵
2024-01-28 10:00:00,东三环中路,22,41.5,缓行
2024-01-28 10:02:00,东三环中路,35,35.9,缓行
2024-01-28 10:32:00,东三环中路,38,52.2,缓行
2024-01-28 10:52:00,东三环中路,39,42.2,缓行
2024-01-28 11:30:00,东三环中路,43,34.4,缓行
2024-01-28 12:06:00,东三环中路,62,30.4,缓行
2024-01-28 12:10:00,东三环中路,52,37.5,缓行
2024-01-28 15:26:00,东三环中路,23,44.5,缓行
2024-01-28 16:02:00,东三环中路,33,42.4,缓行
2024-01-28 16:04:00,东三环中路,26,46.9,缓行
2024-01-28 17:00:00,东三环中路,56,12.6,拥堵
2024-01-28 19:48:00,东三环中路,114,10.0,拥堵
2024-01-28 22:14:00,东三环中路,11,48.7,缓行
2024-01-28 23:02:00,东三环中路,10,70.0,畅通
2024-01-28 23:34:00,东三环中路,10,60.5,畅通
2024-01-29 00:18:00,东三环中路,23,47.8,缓行
2024-01-29 02:10:00,东三环中路,21,53.5,缓行
2024-01-29 02:12:00,东三环中路,24,57.3,缓行
2024-01-29 03:00:00,东三环中路,23,44.0,缓行
2024-01-29 03:04:00,东三环中路,21,67.7,畅通
2024-01-29 03:06:00,东三环中路,23,37.8,缓行
2024-01-29 03:18:00,东三环中路,9,53.8,缓行
2024-01-29 05:08:00,东三环中路,22,59.6,缓行
2024-01-29 06:06:00,东三环中路,12,63.9,畅通
2024-01-29 06:14:00,东三环中路,17,61.7,畅通
2024-01-29 06:38:00,东三环中路,12,61.9,畅通
2024-01-29 07:22:00,东三环中路,172,20.7,拥堵
2024-01-29 09:08:00,东三环中路,160,17.6,拥堵
2024-01-29 09:14:00,东三环中路,152,19.5,拥堵
2024-01-29 10:00:00,东三环中路,60,28.4,拥堵
2024-01-29 10:12:00,东三环中路,39,32.9,缓行
2024-01-29 10:56:00,东三环中路,29,43.1,缓行
2024-01-29 12:40:00,东三环中路,60,36.3,缓行
2024-01-29 13:00:00,东三环中路,71,20.5,拥堵
2024-01-29 13:22:00,东三环中路,82,10.0,拥堵
2024-01-29 13:38:00,东三环中路,73,19.7,拥堵
2024-01-29 14:18:00,东三环中路,31,49.9,缓行
2024-01-29 14:20:00,东三环中路,43,37.9,缓行
2024-01-29 14:28:00,东三环中路,33,54.0,缓行
2024-01-29 15:30:00,东三环中路,46,42.0,缓行
2024-01-29 16:08:00,东三环中路,41,45.3,缓行
2024-01-29 18:02:00,东三环中路,116,21.8,拥堵
2024-01-29 19:28:00,东三环中路,82,10.0,拥堵
2024-01-29 19:48:00,东三环中路,169,20.7,拥堵
2024-01-29 20:02:00,东三环中路,18,62.9,畅通
2024-01-29 21:58:00,东三环中路,26,58.3,缓行
2024-01-29 22:08:00,东三环中路,26,53.0,缓行
2024-01-29 22:18:00,东三环中路,9,45.3,缓行
2024-01-29 22:20:00,东三环中路,15,56.4,缓行
2024-01-30 00:06:00,东三环中路,17,35.1,缓行
2024-01-30 01:32:00,东三环中路,25,55.3,缓行
2024-01-30 03:28:00,东三环中路,15,63.4,畅通
2024-01-30 03:40:00,东三环中路,20,66.4,畅通
2024-01-30 04:02:00,东三环中路,12,45.6,缓行
2024-01-30 04:08:00,东三环中路,17,58.7,缓行
2024-01-30 04:38:00,东三环中路,9,68.1,畅通
2024-01-30 06:26:00,东三环中路,10,48.8,缓行
2024-01-30 07:04:00,东三环中路,201,12.3,拥堵
2024-01-30 07:44:00,东三环中路,197,19.8,拥堵
2024-01-30 07:52:00,东三环中路,127,13.1,拥堵
2024-01-30 08:10:00,东三环中路,217,10.6,拥堵
2024-01-30 08:36:00,东三环中路,121,10.5,拥堵
2024-01-30 09:20:00,东三环中路,102,26.3,拥堵
2024-01-30 10:10:00,东三环中路,32,49.0,缓行
2024-01-30 12:56:00,东三环中路,62,14.9,拥堵
2024-01-30 15:20:00,东三环中路,62,39.4,缓行
2024-01-30 15:34:00,东三环中路,50,42.5,缓行
2024-01-30 16:40:00,东三环中路,22,40.3,缓行
2024-01-30 17:04:00,东三环中路,212,10.5,拥堵
2024-01-30 17:24:00,东三环中路,164,10.0,拥堵
2024-01-30 17:38:00,东三环中路,164,12.0,拥堵
2024-01-30 18:02:00,东三环中路,218,21.1,拥堵
2024-01-30 18:40:00,东三环中路,140,10.0,拥堵
2024-01-30 20:10:00,东三环中路,19,55.5,缓行
2024-01-30 21:52:00,东三环中路,27,45.0,缓行
2024-01-30 22:16:00,东三环中路,9,58.4,缓行
2024-01-30 22:54:00,东三环中路,22,55.1,缓行
2024-01-30 22:58:00,东三环中路,18,47.3,缓行
2024-01-30 23:04:00,东三环中路,30,42.2,缓行
2024-01-30 23:52:00,东三环中路,9,50.6,缓行
2024-01-31 01:18:00,东三环中路,21,59.9,缓行
2024-01-31 01:30:00,东三环中路,15,58.0,缓行
2024-01-31 01:54:00,东三环中路,16,68.7,畅通
2024-01-31 02:20:00,东三环中路,15,69.4,畅通
2024-01-31 03:42:00,东三环中路,13,54.4,缓行
2024-01-31 05:12:00,东三环中路,19,70.7,畅通
2024-01-31 06:08:00,东三环中路,20,42.3,缓行
2024-01-31 06:18:00,东三环中路,18,48.7,缓行
2024-01-31 06:44:00,东三环中路,19,50.5,缓行
2024-01-31 07:06:00,东三环中路,248,10.0,拥堵
2024-01-31 07:12:00,东三环中路,138,26.3,拥堵
2024-01-31 07:30:00,东三环中路,141,17.9,拥堵
2024-01-31 09:42:00,东三环中路,76,21.1,拥堵
2024-01-31 11:52:00,东三环中路,92,10.0,拥堵
2024-01-31 11:56:00,东三环中路,67,32.8,缓行
2024-01-31 13:22:00,东三环中路,90,18.5,拥堵
2024-01-31 18:06:00,东三环中路,143,13.1,拥堵
2024-01-31 18:52:00,东三环中路,242,19.2,拥堵
2024-01-31 19:34:00,东三环中路,144,10.0,拥堵
2024-01-31 20:14:00,东三环中路,13,55.1,缓行
2024-01-31 20:30:00,东三环中路,15,55.9,缓行
2024-01-31 20:34:00,东三环中路,13,62.3,畅通
2024-01-31 20:36:00,东三环中路,15,63.2,畅通
2024-01-31 20:58:00,东三环中路,25,66.2,畅通
2024-01-31 22:00:00,东三环中路,10,57.9,缓行
2024-01-31 22:06:00,东三环中路,17,55.5,缓行
2024-01-31 22:50:00,东三环中路,19,61.2,畅通
2024-01-31 23:42:00,东三环中路,19,50.9,缓行
2024-02-01 00:06:00,东三环中路,15,50.5,缓行
2024-02-01 00:12:00,东三环中路,17,60.4,畅通
2024-02-01 00:22:00,东三环中路,21,55.0,缓行
2024-02-01 01:22:00,东三环中路,5,55.3,缓行
2024-02-01 02:00:00,东三环中路,23,50.4,缓行
2024-02-01 02:18:00,东三环中路,27,68.6,畅通
2024-02-01 02:44:00,东三环中路,19,45.7,缓行
2024-02-01 04:04:00,东三环中路,18,61.4,畅通
2024-02-01 05:00:00,东三环中路,25,43.4,缓行
2024-02-01 06:20:00,东三环中路,16,66.9,畅通
2024-02-01 06:26:00,东三环中路,17,63.8,畅通
2024-02-01 06:50:00,东三环中路,14,67.5,畅通
2024-02-01 07:08:00,东三环中路,126,14.0,拥堵
2024-02-01 08:20:00,东三环中路,200,10.0,拥堵
2024-02-01 09:18:00,东三环中路,151,10.0,拥堵
2024-02-01 10:10:00,东三环中路,33,39.1,缓行
2024-02-01 12:16:00,东三环中路,119,22.5,拥堵
2024-02-01 13:30:00,东三环中路,75,37.8,缓行
2024-02-01 13:38:00,东三环中路,126,30.0,缓行
2024-02-01 13:58:00,东三环中路,96,16.6,拥堵
2024-02-01 14:42:00,东三环中路,83,20.9,拥堵
2024-02-01 14:44:00,东三环中路,74,41.3,缓行
2024-02-01 14:48:00,东三环中路,47,35.2,缓行
2024-02-01 14:52:00,东三环中路,23,46.8,缓行
2024-02-01 15:40:00,东三环中路,61,41.5,缓行
2024-02-01 16:26:00,东三环中路,47,47.4,缓行
2024-02-01 16:52:00,东三环中路,28,57.7,缓行
2024-02-01 16:54:00,东三环中路,52,38.9,缓行
2024-02-01 17:18:00,东三环中路,191,26.4,拥堵
2024-02-01 17:24:00,东三环中路,169,19.1,拥堵
2024-02-01 17:26:00,东三环中路,172,14.8,拥堵
2024-02-01 18:50:00,东三环中路,109,19.3,拥堵
2024-02-01 19:02:00,东三环中路,169,10.0,拥堵
2024-02-01 19:08:00,东三环中路,197,10.0,拥堵
2024-02-01 19:10:00,东三环中路,136,14.6,拥堵
2024-02-01 19:42:00,东三环中路,139,20.6,拥堵
2024-02-01 20:22:00,东三环中路,9,69.8,畅通
2024-02-01 21:06:00,东三环中路,22,84.3,畅通
2024-02-01 22:38:00,东三环中路,26,56.7,缓行
2024-02-01 23:00:00,东三环中路,11,49.0,缓行
2024-02-01 23:10:00,东三环中路,17,48.9,缓行
2024-02-01 23:20:00,东三环中路,22,72.9,畅通
2024-02-02 02:48:00,东三环中路,24,43.3,缓行
2024-02-02 03:20:00,东三环中路,19,64.1,畅通
2024-02-02 03:58:00,东三环中路,7,43.7,缓行
2024-02-02 04:26:00,东三环中路,25,67.5,畅通
2024-02-02 04:30:00,东三环中路,15,50.2,缓行
2024-02-02 05:12:00,东三环中路,14,49.6,缓行
2024-02-02 05:54:00,东三环中路,23,47.6,缓行
2024-02-02 06:08:00,东三环中路,11,60.3,畅通
2024-02-02 06:18:00,东三环中路,6,54.7,缓行
2024-02-02 06:22:00,东三环中路,12,48.3,缓行
2024-02-02 06:36:00,东三环中路,22,53.2,缓行
2024-02-02 06:48:00,东三环中路,19,61.9,畅通
2024-02-02 07:06:00,东三环中路,71,25.3,拥堵
2024-02-02 07:10:00,东三环中路,124,15.1,拥堵
2024-02-02 07:44:00,东三环中路,211,14.3,拥堵
2024-02-02 08:36:00,东三环中路,126,10.0,拥堵
2024-02-02 09:14:00,东三环中路,95,21.5,拥堵
2024-02-02 10:06:00,东三环中路,34,32.6,缓行
2024-02-02 10:14:00,东三环中路,18,53.8,缓行
2024-02-02 10:52:00,东三环中路,42,33.5,缓行
2024-02-02 10:54:00,东三环中路,46,38.4,缓行
2024-02-02 11:04:00,东三环中路,81,31.4,缓行
2024-02-02 11:08:00,东三环中路,88,19.8,拥堵
2024-02-02 11:24:00,东三环中路,106,21.5,拥堵
2024-02-02 11:30:00,东三环中路,73,26.7,拥堵
2024-02-02 11:36:00,东三环中路,120,24.8,拥堵
2024-02-02 12:46:00,东三环中路,72,13.1,拥堵
2024-02-02 13:02:00,东三环中路,48,37.1,缓行
2024-02-02 13:34:00,东三环中路,103,18.5,拥堵
2024-02-02 13:50:00,东三环中路,44,39.0,缓行
2024-02-02 13:52:00,东三环中路,66,10.0,拥堵
2024-02-02 13:56:00,东三环中路,67,27.4,拥堵
2024-02-02 14:08:00,东三环中路,43,27.0,拥堵
2024-02-02 14:18:00,东三环中路,30,30.5,缓行
2024-02-02 14:20:00,东三环中路,41,40.5,缓行
2024-02-02 14:50:00,东三环中路,59,40.0,缓行
2024-02-02 16:34:00,东三环中路,64,29.8,拥堵
2024-02-02 17:06:00,东三环中路,167,12.9,拥堵
2024-02-02 17:38:00,东三环中路,118,22.6,拥堵
2024-02-02 19:34:00,东三环中路,127,10.0,拥堵
2024-02-02 20:02:00,东三环中路,16,64.7,畅通
2024-02-02 20:10:00,东三环中路,16,49.2,缓行
2024-02-02 21:12:00,东三环中路,22,55.7,缓行
2024-02-02 23:00:00,东三环中路,21,60.0,畅通
2024-02-02 23:18:00,东三环中路,12,53.6,缓行
2024-02-02 23:32:00,东三环中路,9,71.4,畅通
2024-02-02 23:36:00,东三环中路,27,63.2,畅通
2024-02-02 23:42:00,东三环中路,13,56.4,缓行
2024-02-02 23:54:00,东三环中路,18,61.1,畅通
2024-02-03 00:20:00,东三环中路,7,52.8,缓行
2024-02-03 00:22:00,东三环中路,9,59.3,缓行
2024-02-03 00:48:00,东三环中路,5,63.9,畅通
2024-02-03 02:36:00,东三环中路,11,70.3,畅通
2024-02-03 02:50:00,东三环中路,7,63.0,畅通
2024-02-03 03:10:00,东三环中路,6,75.5,畅通
2024-02-03 03:40:00,东三环中路,7,68.4,畅通
2024-02-03 03:44:00,东三环中路,18,63.2,畅通
2024-02-03 04:04:00,东三环中路,17,52.3,缓行
2024-02-03 04:38:00,东三环中路,14,46.3,缓行
2024-02-03 05:10:00,东三环中路,8,49.5,缓行
2024-02-03 05:20:00,东三环中路,7,67.0,畅通
2024-02-03 05:24:00,东三环中路,12,54.0,缓行
2024-02-03 05:46:00,东三环中路,6,81.2,畅通
2024-02-03 06:00:00,东三环中路,10,66.5,畅通
2024-02-03 06:04:00,东三环中路,17,63.7,畅通
2024-02-03 07:52:00,东三环中路,43,40.4,缓行
2024-02-03 09:06:00,东三环中路,41,28.9,拥堵
2024-02-03 09:26:00,东三环中路,61,21.8,拥堵
2024-02-03 09:38:00,东三环中路,58,13.7,拥堵
2024-02-03 11:28:00,东三环中路,48,44.7,缓行
2024-02-03 11:32:00,东三环中路,64,24.1,拥堵
2024-02-03 11:42:00,东三环中路,54,31.5,缓行
2024-02-03 12:54:00,东三环中路,40,22.9,拥堵
2024-02-03 13:02:00,东三环中路,51,38.5,缓行
2024-02-03 14:04:00,东三环中路,32,41.2,缓行
2024-02-03 16:48:00,东三环中路,29,37.7,缓行
2024-02-03 18:16:00,东三环中路,36,25.4,拥堵
2024-02-03 20:20:00,东三环中路,19,66.7,畅通
2024-02-03 20:58:00,东三环中路,16,75.4,畅通
2024-02-03 21:06:00,东三环中路,13,63.3,畅通
2024-02-03 21:54:00,东三环中路,14,61.9,畅通
2024-02-03 22:00:00,东三环中路,13,58.6,缓行
2024-02-03 22:06:00,东三环中路,12,72.1,畅通
2024-02-03 22:16:00,东三环中路,15,51.7,缓行
2024-02-03 22:42:00,东三环中路,6,64.4,畅通
2024-02-03 23:24:00,东三环中路,11,58.2,缓行
2024-02-03 23:34:00,东三环中路,15,62.1,畅通
2024-02-04 00:08:00,东三环中路,10,56.9,缓行
2024-02-04 00:54:00,东三环中路,14,63.2,畅通
2024-02-04 01:02:00,东三环中路,13,56.8,缓行
2024-02-04 03:58:00,东三环中路,13,68.1,畅通
2024-02-04 05:00:00,东三环中路,8,70.5,畅通
2024-02-04 05:30:00,东三环中路,10,46.9,缓行
2024-02-04 06:18:00,东三环中路,12,45.9,缓行
2024-02-04 06:38:00,东三环中路,15,59.6,缓行
2024-02-04 06:52:00,东三环中路,7,54.1,缓行
2024-02-04 07:34:00,东三环中路,36,20.2,拥堵
2024-02-04 08:24:00,东三环中路,24,39.4,缓行
2024-02-04 09:14:00,东三环中路,50,18.9,拥堵
2024-02-04 09:16:00,东三环中路,53,18.6,拥堵
2024-02-04 09:36:00,东三环中路,39,35.9,缓行
2024-02-04 10:04:00,东三环中路,25,52.9,缓行
2024-02-04 10:48:00,东三环中路,31,31.8,缓行
2024-02-04 11:18:00,东三环中路,38,37.2,缓行
2024-02-04 11:52:00,东三环中路,44,39.2,缓行
2024-02-04 12:30:00,东三环中路,61,32.4,缓行
2024-02-04 12:54:00,东三环中路,42,39.9,缓行
2024-02-04 13:14:00,东三环中路,50,42.1,缓行
2024-02-04 13:38:00,东三环中路,58,23.6,拥堵
2024-02-04 14:28:00,东三环中路,20,46.9,缓行
2024-02-04 14:54:00,东三环中路,35,31.3,缓行
2024-02-04 15:08:00,东三环中路,19,56.2,缓行
2024-02-04 15:56:00,东三环中路,20,58.2,缓行
2024-02-04 16:22:00,东三环中路,33,54.9,缓行
2024-02-04 16:40:00,东三环中路,42,35.9,缓行
2024-02-04 16:54:00,东三环中路,46,38.6,缓行
2024-02-04 17:10:00,东三环中路,74,21.3,拥堵
2024-02-04 17:42:00,东三环中路,86,25.2,拥堵
2024-02-04 17:56:00,东三环中路,83,24.2,拥堵
2024-02-04 18:16:00,东三环中路,60,10.0,拥堵
2024-02-04 18:42:00,东三环中路,82,23.3,拥堵
2024-02-04 18:52:00,东三环中路,80,23.0,拥堵
2024-02-04 20:16:00,东三环中路,9,62.5,畅通
2024-02-04 20:18:00,东三环中路,12,72.6,畅通
2024-02-04 20:34:00,东三环中路,16,74.2,畅通
2024-02-04 20:46:00,东三环中路,11,59.5,缓行
2024-02-04 21:30:00,东三环中路,14,48.5,缓行
2024-02-04 22:58:00,东三环中路,9,67.0,畅通
2024-02-04 23:12:00,东三环中路,11,63.2,畅通
2024-02-04 23:30:00,东三环中路,18,75.5,畅通
2024-02-05 00:04:00,东三环中路,19,70.2,畅通
2024-02-05 02:08:00,东三环中路,10,47.6,缓行
2024-02-05 02:52:00,东三环中路,14,78.7,畅通
2024-02-05 04:28:00,东三环中路,15,43.4,缓行
2024-02-05 05:26:00,东三环中路,12,67.0,畅通
2024-02-05 06:12:00,东三环中路,16,67.4,畅通
2024-02-05 07:22:00,东三环中路,118,13.2,拥堵
2024-02-05 07:32:00,东三环中路,72,19.2,拥堵
2024-02-05 08:02:00,东三环中路,106,14.8,拥堵
2024-02-05 08:44:00,东三环中路,150,10.0,拥堵
2024-02-05 09:58:00,东三环中路,157,21.4,拥堵
2024-02-05 10:06:00,东三环中路,24,51.3,缓行
2024-02-05 11:18:00,东三环中路,79,22.8,拥堵
2024-02-05 12:18:00,东三环中路,56,42.5,缓行
2024-02-05 13:12:00,东三环中路,63,21.4,拥堵
2024-02-05 14:36:00,东三环中路,48,36.4,缓行
2024-02-05 15:50:00,东三环中路,35,45.0,缓行
2024-02-05 15:52:00,东三环中路,28,30.3,缓行
2024-02-05 16:38:00,东三环中路,21,54.5,缓行
2024-02-05 18:34:00,东三环中路,98,10.0,拥堵
2024-02-05 18:46:00,东三环中路,171,16.5,拥堵
2024-02-05 18:52:00,东三环中路,217,10.0,拥堵
2024-02-05 19:06:00,东三环中路,190,10.0,拥堵
2024-02-05 19:08:00,东三环中路,167,16.4,拥堵
2024-02-05 20:34:00,东三环中路,23,62.6,畅通
2024-02-05 22:32:00,东三环中路,10,54.3,缓行
2024-02-05 22:44:00,东三环中路,19,66.4,畅通
2024-02-05 23:00:00,东三环中路,5,79.9,畅通
2024-02-05 23:10:00,东三环中路,25,56.7,缓行
2024-02-06 00:08:00,东三环中路,20,80.3,畅通
2024-02-06 00:10:00,东三环中路,16,58.0,缓行
2024-02-06 00:18:00,东三环中路,24,52.3,缓行
2024-02-06 01:08:00,东三环中路,10,46.3,缓行
2024-02-06 03:02:00,东三环中路,14,46.7,缓行
2024-02-06 03:06:00,东三环中路,24,54.6,缓行
2024-02-06 03:34:00,东三环中路,14,60.2,畅通
2024-02-06 03:40:00,东三环中路,10,62.8,畅通
2024-02-06 05:32:00,东三环中路,21,51.7,缓行
2024-02-06 05:46:00,东三环中路,21,53.3,缓行
2024-02-06 06:38:00,东三环中路,13,59.1,缓行
2024-02-06 07:20:00,东三环中路,187,13.9,拥堵
2024-02-06 07:50:00,东三环中路,162,10.0,拥堵
2024-02-06 07:52:00,东三环中路,106,10.0,拥堵
2024-02-06 09:06:00,东三环中路,111,10.8,拥堵
2024-02-06 09:12:00,东三环中路,196,10.1,拥堵
2024-02-06 10:34:00,东三环中路,45,28.4,拥堵
2024-02-06 11:16:00,东三环中路,86,29.5,拥堵
2024-02-06 12:12:00,东三环中路,54,39.1,缓行
2024-02-06 13:36:00,东三环中路,56,33.5,缓行
2024-02-06 15:24:00,东三环中路,61,34.1,缓行
2024-02-06 16:18:00,东三环中路,72,32.2,缓行
2024-02-06 16:42:00,东三环中路,14,55.8,缓行
2024-02-06 17:24:00,东三环中路,142,10.0,拥堵
2024-02-06 17:36:00,东三环中路,200,10.0,拥堵
2024-02-06 18:04:00,东三环中路,152,10.0,拥堵
2024-02-06 19:28:00,东三环中路,155,10.0,拥堵
2024-02-06 21:20:00,东三环中路,21,57.7,缓行
2024-02-06 22:16:00,东三环中路,33,44.7,缓行
2024-02-06 23:28:00,东三环中路,9,62.1,畅通
2024-02-07 00:48:00,东三环中路,14,43.9,缓行
2024-02-07 01:42:00,东三环中路,20,66.4,畅通
2024-02-07 03:16:00,东三环中路,26,63.3,畅通
2024-02-07 03:32:00,东三环中路,6,55.5,缓行
2024-02-07 03:40:00,东三环中路,11,76.2,畅通
2024-02-07 04:46:00,东三环中路,9,53.6,缓行
2024-02-07 04:56:00,东三环中路,13,57.5,缓行
2024-02-07 06:12:00,东三环中路,22,57.9,缓行
2024-02-07 07:34:00,东三环中路,206,14.8,拥堵
2024-02-07 07:42:00,东三环中路,135,10.0,拥堵
2024-02-07 08:18:00,东三环中路,148,10.0,拥堵
2024-02-07 08:46:00,东三环中路,117,17.9,拥堵
2024-02-07 10:24:00,东三环中路,58,29.6,拥堵
2024-02-07 11:48:00,东三环中路,62,34.1,缓行
2024-02-07 12:32:00,东三环中路,46,33.9,缓行
2024-02-07 14:04:00,东三环中路,50,42.3,缓行
2024-02-07 14:16:00,东三环中路,47,45.4,缓行
2024-02-07 14:24:00,东三环中路,31,47.2,缓行
2024-02-07 14:26:00,东三环中路,50,29.9,拥堵
2024-02-07 14:38:00,东三环中路,71,41.6,缓行
2024-02-07 14:48:00,东三环中路,32,37.8,缓行
2024-02-07 15:28:00,东三环中路,69,42.8,缓行
2024-02-07 16:08:00,东三环中路,48,46.2,缓行
2024-02-07 16:24:00,东三环中路,77,29.9,拥堵
2024-02-07 17:10:00,东三环中路,148,25.2,拥堵
2024-02-07 17:34:00,东三环中路,104,10.0,拥堵
2024-02-07 18:02:00,东三环中路,105,10.0,拥堵
2024-02-07 19:14:00,东三环中路,99,27.8,拥堵
2024-02-07 19:20:00,东三环中路,109,13.7,拥堵
2024-02-07 21:22:00,东三环中路,8,48.9,缓行
2024-02-07 22:52:00,东三环中路,8,51.2,缓行
2024-02-07 22:54:00,东三环中路,11,65.2,畅通
2024-02-07 23:08:00,东三环中路,10,61.8,畅通
2024-02-07 23:40:00,东三环中路,26,42.9,缓行
2024-02-07 23:56:00,东三环中路,16,68.6,畅通
2024-02-08 00:02:00,东三环中路,17,51.1,缓行
2024-02-08 00:46:00,东三环中路,23,51.7,缓行
2024-02-08 01:04:00,东三环中路,17,51.8,缓行
2024-02-08 01:16:00,东三环中路,21,61.2,畅通
2024-02-08 01:22:00,东三环中路,21,56.3,缓行
2024-02-08 01:32:00,东三环中路,34,45.2,缓行
2024-02-08 02:10:00,东三环中路,15,66.0,畅通
2024-02-08 02:12:00,东三环中路,19,52.6,缓行
2024-02-08 03:58:00,东三环中路,31,64.9,畅通
2024-02-08 04:28:00,东三环中路,14,62.7,畅通
2024-02-08 05:14:00,东三环中路,14,65.6,畅通
2024-02-08 06:18:00,东三环中路,14,51.9,缓行
2024-02-08 06:36:00,东三环中路,14,57.8,缓行
2024-02-08 07:00:00,东三环中路,153,21.8,拥堵
2024-02-08 08:36:00,东三环中路,114,22.7,拥堵
2024-02-08 09:04:00,东三环中路,130,10.0,拥堵
2024-02-08 09:08:00,东三环中路,122,12.2,拥堵
2024-02-08 10:26:00,东三环中路,48,47.7,缓行
2024-02-08 11:54:00,东三环中路,37,42.4,缓行
2024-02-08 12:34:00,东三环中路,95,20.2,拥堵
2024-02-08 13:02:00,东三环中路,69,21.4,拥堵
2024-02-08 13:34:00,东三环中路,59,18.1,拥堵
2024-02-08 13:42:00,东三环中路,92,18.0,拥堵
2024-02-08 14:52:00,东三环中路,42,34.9,缓行
2024-02-08 15:16:00,东三环中路,58,27.3,拥堵
2024-02-08 15:46:00,东三环中路,53,34.3,缓行
2024-02-08 15:48:00,东三环中路,46,35.6,缓行
2024-02-08 16:16:00,东三环中路,28,37.7,缓行
2024-02-08 17:08:00,东三环中路,251,16.1,拥堵
2024-02-08 17:40:00,东三环中路,149,17.6,拥堵
2024-02-08 18:18:00,东三环中路,147,21.5,拥堵
2024-02-08 19:12:00,东三环中路,123,10.0,拥堵
2024-02-08 19:40:00,东三环中路,188,13.9,拥堵
2024-02-08 21:00:00,东三环中路,21,49.3,缓行
2024-02-08 21:04:00,东三环中路,17,51.6,缓行
2024-02-08 21:08:00,东三环中路,17,67.2,畅通
2024-02-08 22:24:00,东三环中路,14,51.1,缓行
2024-02-08 23:00:00,东三环中路,8,71.3,畅通
2024-02-08 23:28:00,东三环中路,22,50.2,缓行
2024-02-08 23:50:00,东三环中路,18,49.7,缓行
2024-02-09 00:28:00,东三环中路,14,66.9,畅通
2024-02-09 01:04:00,东三环中路,24,66.3,畅通
2024-02-09 01:40:00,东三环中路,20,63.4,畅通
2024-02-09 01:50:00,东三环中路,19,57.5,缓行
2024-02-09 03:14:00,东三环中路,14,66.7,畅通
2024-02-09 03:48:00,东三环中路,21,48.6,缓行
2024-02-09 04:20:00,东三环中路,17,60.1,畅通
2024-02-09 04:32:00,东三环中路,20,67.1,畅通
2024-02-09 05:10:00,东三环中路,15,61.1,畅通
2024-02-09 05:36:00,东三环中路,23,65.6,畅通
2024-02-09 06:58:00,东三环中路,21,61.6,畅通
2024-02-09 07:34:00,东三环中路,122,19.4,拥堵
2024-02-09 07:52:00,东三环中路,102,13.3,拥堵
2024-02-09 09:06:00,东三环中路,74,10.0,拥堵
2024-02-09 09:26:00,东三环中路,105,13.9,拥堵
2024-02-09 09:58:00,东三环中路,165,11.0,拥堵
2024-02-09 14:04:00,东三环中路,58,45.1,缓行
2024-02-09 15:14:00,东三环中路,49,53.8,缓行
2024-02-09 15:20:00,东三环中路,37,37.2,缓行
2024-02-09 15:44:00,东三环中路,32,36.7,缓行
2024-02-09 15:46:00,东三环中路,41,41.2,缓行
2024-02-09 16:56:00,东三环中路,19,50.8,缓行
2024-02-09 18:00:00,东三环中路,190,19.0,拥堵
2024-02-09 18:48:00,东三环中路,225,11.5,拥堵
2024-02-09 18:50:00,东三环中路,120,12.0,拥堵
2024-02-09 18:58:00,东三环中路,202,23.7,拥堵
2024-02-09 19:12:00,东三环中路,165,11.8,拥堵
2024-02-09 19:52:00,东三环中路,137,10.0,拥堵
2024-02-09 20:28:00,东三环中路,19,58.6,缓行
2024-02-09 20:46:00,东三环中路,23,63.4,畅通
2024-02-09 21:24:00,东三环中路,13,61.8,畅通
2024-02-09 23:18:00,东三环中路,11,61.4,畅通
2024-02-10 01:08:00,东三环中路,12,72.9,畅通
2024-02-10 01:50:00,东三环中路,12,49.6,缓行
2024-02-10 03:58:00,东三环中路,11,57.8,缓行
2024-02-10 04:20:00,东三环中路,10,56.3,缓行
2024-02-10 04:46:00,东三环中路,10,63.2,畅通
2024-02-10 05:06:00,东三环中路,7,71.0,畅通
2024-02-10 06:44:00,东三环中路,10,47.0,缓行
2024-02-10 07:10:00,东三环中路,40,30.7,缓行
2024-02-10 08:56:00,东三环中路,31,35.1,缓行
2024-02-10 09:02:00,东三环中路,43,30.7,缓行
2024-02-10 09:46:00,东三环中路,43,42.9,缓行
2024-02-10 09:48:00,东三环中路,22,24.6,拥堵
2024-02-10 10:04:00,东三环中路,15,50.0,缓行
2024-02-10 10:48:00,东三环中路,19,38.1,缓行
2024-02-10 11:14:00,东三环中路,68,21.2,拥堵
2024-02-10 15:42:00,东三环中路,29,42.3,缓行
2024-02-10 16:54:00,东三环中路,42,29.3,拥堵
2024-02-10 17:00:00,东三环中路,99,20.6,拥堵
2024-02-10 17:44:00,东三环中路,85,27.5,拥堵
2024-02-10 18:16:00,东三环中路,50,24.3,拥堵
2024-02-10 18:20:00,东三环中路,60,10.0,拥堵
2024-02-10 19:06:00,东三环中路,90,20.4,拥堵
2024-02-10 20:02:00,东三环中路,5,56.3,缓行
2024-02-10 20:10:00,东三环中路,11,65.8,畅通
2024-02-10 20:36:00,东三环中路,18,42.6,缓行
2024-02-10 20:40:00,东三环中路,10,72.0,畅通
2024-02-10 21:26:00,东三环中路,11,52.0,缓行
2024-02-10 22:02:00,东三环中路,9,50.0,缓行
2024-02-10 22:10:00,东三环中路,12,48.8,缓行
2024-02-10 23:26:00,东三环中路,13,64.4,畅通
2024-02-11 00:46:00,东三环中路,12,61.5,畅通
2024-02-11 03:36:00,东三环中路,9,63.8,畅通
2024-02-11 04:00:00,东三环中路,5,56.9,缓行
2024-02-11 04:02:00,东三环中路,8,69.5,畅通
2024-02-11 04:50:00,东三环中路,12,53.3,缓行
2024-02-11 05:24:00,东三环中路,13,51.4,缓行
2024-02-11 06:26:00,东三环中路,16,44.6,缓行
2024-02-11 06:32:00,东三环中路,11,57.4,缓行
2024-02-11 06:50:00,东三环中路,16,61.3,畅通
2024-02-11 07:58:00,东三环中路,33,23.3,拥堵
2024-02-11 08:08:00,东三环中路,41,21.5,拥堵
2024-02-11 08:10:00,东三环中路,48,12.3,拥堵
2024-02-11 09:54:00,东三环中路,27,20.5,拥堵
2024-02-11 10:02:00,东三环中路,35,29.2,拥堵
2024-02-11 11:30:00,东三环中路,29,41.2,缓行
2024-02-11 11:38:00,东三环中路,60,15.0,拥堵
2024-02-11 11:58:00,东三环中路,59,21.6,拥堵
2024-02-11 12:32:00,东三环中路,68,29.9,拥堵
2024-02-11 12:38:00,东三环中路,82,24.9,拥堵
2024-02-11 13:00:00,东三环中路,60,26.2,拥堵
2024-02-11 13:42:00,东三环中路,62,25.3,拥堵
2024-02-11 13:44:00,东三环中路,39,14.4,拥堵
2024-02-11 13:46:00,东三环中路,53,44.2,缓行
2024-02-11 13:48:00,东三环中路,48,33.4,缓行
2024-02-11 14:02:00,东三环中路,27,36.5,缓行
2024-02-11 16:00:00,东三环中路,45,28.3,拥堵
2024-02-11 16:10:00,东三环中路,34,39.6,缓行
2024-02-11 16:52:00,东三环中路,24,49.0,缓行
2024-02-11 17:14:00,东三环中路,124,10.0,拥堵
2024-02-11 18:06:00,东三环中路,58,23.0,拥堵
2024-02-11 19:58:00,东三环中路,66,18.4,拥堵
2024-02-11 20:58:00,东三环中路,14,47.0,缓行
2024-02-11 21:44:00,东三环中路,11,67.0,畅通
2024-02-11 23:02:00,东三环中路,10,83.9,畅通
2024-02-11 23:46:00,东三环中路,13,56.7,缓行
2024-02-12 01:42:00,东三环中路,14,56.6,缓行
2024-02-12 01:54:00,东三环中路,12,57.0,缓行
2024-02-12 02:00:00,东三环中路,14,50.2,缓行
2024-02-12 02:08:00,东三环中路,15,65.2,畅通
2024-02-12 02:16:00,东三环中路,19,62.7,畅通
2024-02-12 03:58:00,东三环中路,24,43.1,缓行
2024-02-12 06:12:00,东三环中路,23,64.6,畅通
2024-02-12 06:16:00,东三环中路,9,64.9,畅通
2024-02-12 07:54:00,东三环中路,105,20.4,拥堵
2024-02-12 08:16:00,东三环中路,184,10.0,拥堵
2024-02-12 11:30:00,东三环中路,72,43.5,缓行
2024-02-12 11:54:00,东三环中路,30,41.9,缓行
2024-02-12 12:06:00,东三环中路,98,12.3,拥堵
2024-02-12 13:20:00,东三环中路,87,20.8,拥堵
2024-02-12 13:32:00,东三环中路,57,31.2,缓行
2024-02-12 13:52:00,东三环中路,47,35.6,缓行
2024-02-12 13:58:00,东三环中路,50,29.1,拥堵
2024-02-12 15:16:00,东三环中路,63,40.0,缓行
2024-02-12 15:22:00,东三环中路,61,38.2,缓行
2024-02-12 18:26:00,东三环中路,205,25.9,拥堵
2024-02-12 20:06:00,东三环中路,25,50.8,缓行
2024-02-12 20:28:00,东三环中路,21,63.6,畅通
2024-02-12 20:30:00,东三环中路,10,55.5,缓行
2024-02-12 20:32:00,东三环中路,15,61.1,畅通
2024-02-12 21:14:00,东三环中路,12,53.0,缓行
2024-02-12 21:44:00,东三环中路,18,72.8,畅通
2024-02-12 21:48:00,东三环中路,9,60.5,畅通
2024-02-12 23:04:00,东三环中路,30,41.9,缓行
2024-02-12 23:50:00,东三环中路,17,61.8,畅通
2024-02-13 00:02:00,东三环中路,19,57.0,缓行
2024-02-13 00:26:00,东三环中路,14,62.9,畅通
2024-02-13 00:40:00,东三环中路,25,53.3,缓行
2024-02-13 00:46:00,东三环中路,30,43.9,缓行
2024-02-13 01:02:00,东三环中路,17,55.5,缓行
2024-02-13 01:08:00,东三环中路,18,47.3,缓行
2024-02-13 01:42:00,东三环中路,19,61.1,畅通
2024-02-13 01:52:00,东三环中路,15,72.8,畅通
2024-02-13 01:56:00,东三环中路,5,68.5,畅通
2024-02-13 02:24:00,东三环中路,14,64.0,畅通
2024-02-13 04:06:00,东三环中路,23,52.9,缓行
2024-02-13 04:14:00,东三环中路,5,62.1,畅通
2024-02-13 04:18:00,东三环中路,20,45.5,缓行
2024-02-13 04:48:00,东三环中路,23,48.3,缓行
2024-02-13 05:26:00,东三环中路,16,61.8,畅通
2024-02-13 06:26:00,东三环中路,16,64.5,畅通
2024-02-13 06:36:00,东三环中路,27,50.4,缓行
2024-02-13 07:04:00,东三环中路,173,18.2,拥堵
2024-02-13 07:06:00,东三环中路,211,10.0,拥堵
2024-02-13 07:56:00,东三环中路,117,26.5,拥堵
2024-02-13 08:46:00,东三环中路,108,10.3,拥堵
2024-02-13 10:14:00,东三环中路,43,26.6,拥堵
2024-02-13 11:06:00,东三环中路,49,32.5,缓行
2024-02-13 11:40:00,东三环中路,79,12.0,拥堵
2024-02-13 12:24:00,东三环中路,83,20.8,拥堵
2024-02-13 14:00:00,东三环中路,64,36.2,缓行
2024-02-13 15:36:00,东三环中路,42,39.9,缓行
2024-02-13 17:22:00,东三环中路,166,15.4,拥堵
2024-02-13 17:42:00,东三环中路,148,18.6,拥堵
2024-02-13 17:44:00,东三环中路,64,13.4,拥堵
2024-02-13 17:54:00,东三环中路,103,16.6,拥堵
2024-02-13 18:10:00,东三环中路,198,20.1,拥堵
2024-02-13 18:16:00,东三环中路,201,12.4,拥堵
2024-02-13 18:20:00,东三环中路,101,10.0,拥堵
2024-02-13 19:12:00,东三环中路,240,21.1,拥堵
2024-02-13 19:18:00,东三环中路,116,10.0,拥堵
2024-02-13 20:28:00,东三环中路,18,71.0,畅通
2024-02-13 22:00:00,东三环中路,27,55.3,缓行
2024-02-13 22:16:00,东三环中路,14,63.4,畅通
2024-02-13 22:42:00,东三环中路,8,61.8,畅通
2024-02-13 22:56:00,东三环中路,17,55.5,缓行
2024-02-13 23:12:00,东三环中路,21,61.1,畅通
2024-02-14 00:58:00,东三环中路,12,55.1,缓行
2024-02-14 02:10:00,东三环中路,23,51.5,缓行
2024-02-14 02:50:00,东三环中路,11,65.5,畅通
2024-02-14 03:18:00,东三环中路,21,31.1,缓行
2024-02-14 03:38:00,东三环中路,19,51.7,缓行
2024-02-14 04:16:00,东三环中路,22,60.4,畅通
2024-02-14 04:20:00,东三环中路,31,45.1,缓行
2024-02-14 04:58:00,东三环中路,19,64.6,畅通
2024-02-14 05:26:00,东三环中路,23,47.6,缓行
2024-02-14 06:22:00,东三环中路,22,60.2,畅通
2024-02-14 07:10:00,东三环中路,219,23.4,拥堵
2024-02-14 07:14:00,东三环中路,132,24.0,拥堵
2024-02-14 07:28:00,东三环中路,137,10.0,拥堵
2024-02-14 07:42:00,东三环中路,83,20.5,拥堵
2024-02-14 10:18:00,东三环中路,41,38.6,缓行
2024-02-14 10:20:00,东三环中路,46,30.5,缓行
2024-02-14 10:32:00,东三环中路,56,28.9,拥堵
2024-02-14 11:40:00,东三环中路,68,29.5,拥堵
2024-02-14 12:08:00,东三环中路,49,41.0,缓行
2024-02-14 12:10:00,东三环中路,11,41.1,缓行
2024-02-14 12:36:00,东三环中路,68,36.7,缓行
2024-02-14 12:42:00,东三环中路,54,25.2,拥堵
2024-02-14 13:32:00,东三环中路,76,21.1,拥堵
2024-02-14 15:24:00,东三环中路,12,49.1,缓行
2024-02-14 16:00:00,东三环中路,69,44.0,缓行
2024-02-14 16:16:00,东三环中路,27,37.0,缓行
2024-02-14 16:50:00,东三环中路,41,38.9,缓行
2024-02-14 17:02:00,东三环中路,137,26.5,拥堵
2024-02-14 17:18:00,东三环中路,91,10.2,拥堵
2024-02-14 17:50:00,东三环中路,117,19.6,拥堵
2024-02-14 18:02:00,东三环中路,182,24.1,拥堵
2024-02-14 18:16:00,东三环中路,142,10.0,拥堵
2024-02-14 18:26:00,东三环中路,87,10.0,拥堵
2024-02-14 21:24:00,东三环中路,23,52.5,缓行
2024-02-14 21:30:00,东三环中路,18,64.6,畅通
2024-02-14 21:32:00,东三环中路,27,56.9,缓行
2024-02-14 22:02:00,东三环中路,7,69.3,畅通
2024-02-14 22:08:00,东三环中路,18,57.4,缓行
2024-02-14 23:14:00,东三环中路,13,61.3,畅通
2024-02-14 23:44:00,东三环中路,23,64.7,畅通
2024-02-15 01:10:00,东三环中路,15,79.0,畅通
2024-02-15 01:58:00,东三环中路,23,50.4,缓行
2024-02-15 02:02:00,东三环中路,5,60.4,畅通
2024-02-15 02:30:00,东三环中路,9,65.4,畅通
2024-02-15 02:42:00,东三环中路,18,54.7,缓行
2024-02-15 02:56:00,东三环中路,23,65.6,畅通
2024-02-15 03:24:00,东三环中路,18,53.4,缓行
2024-02-15 04:14:00,东三环中路,18,46.8,缓行
2024-02-15 08:22:00,东三环中路,33,26.7,拥堵
2024-02-15 08:28:00,东三环中路,129,10.0,拥堵
2024-02-15 09:00:00,东三环中路,126,10.0,拥堵
2024-02-15 09:22:00,东三环中路,172,30.5,缓行
2024-02-15 10:10:00,东三环中路,36,41.2,缓行
2024-02-15 10:26:00,东三环中路,58,45.6,缓行
2024-02-15 10:58:00,东三环中路,53,26.2,拥堵
2024-02-15 11:18:00,东三环中路,119,19.4,拥堵
2024-02-15 11:24:00,东三环中路,67,21.3,拥堵
2024-02-15 11:52:00,东三环中路,20,47.3,缓行
2024-02-15 12:24:00,东三环中路,79,39.2,缓行
2024-02-15 14:14:00,东三环中路,66,19.0,拥堵
2024-02-15 14:30:00,东三环中路,49,36.8,缓行
2024-02-15 14:50:00,东三环中路,68,35.3,缓行
2024-02-15 14:52:00,东三环中路,61,35.5,缓行
2024-02-15 15:22:00,东三环中路,53,45.9,缓行
2024-02-15 16:14:00,东三环中路,70,27.8,拥堵
2024-02-15 16:16:00,东三环中路,78,19.6,拥堵
2024-02-15 16:26:00,东三环中路,25,44.8,缓行
2024-02-15 16:30:00,东三环中路,41,37.3,缓行
2024-02-15 16:48:00,东三环中路,39,37.0,缓行
2024-02-15 17:48:00,东三环中路,153,19.7,拥堵
2024-02-15 18:40:00,东三环中路,77,13.5,拥堵
2024-02-15 19:42:00,东三环中路,206,19.3,拥堵
2024-02-15 20:54:00,东三环中路,19,55.1,缓行
2024-02-15 20:58:00,东三环中路,15,71.9,畅通
2024-02-15 21:18:00,东三环中路,15,56.8,缓行
2024-02-15 21:44:00,东三环中路,22,45.4,缓行
2024-02-15 22:08:00,东三环中路,25,62.9,畅通
2024-02-15 22:24:00,东三环中路,13,72.0,畅通
2024-02-15 22:26:00,东三环中路,17,55.1,缓行
2024-02-15 23:06:00,东三环中路,19,58.5,缓行
2024-02-16 00:20:00,东三环中路,19,75.4,畅通
2024-02-16 00:56:00,东三环中路,16,58.1,缓行
2024-02-16 02:24:00,东三环中路,14,61.1,畅通
2024-02-16 02:28:00,东三环中路,11,64.6,畅通
2024-02-16 03:06:00,东三环中路,11,54.6,缓行
2024-02-16 03:48:00,东三环中路,7,74.2,畅通
2024-02-16 03:52:00,东三环中路,17,66.1,畅通
2024-02-16 04:52:00,东三环中路,19,51.0,缓行
2024-02-16 04:54:00,东三环中路,16,50.0,缓行
2024-02-16 05:10:00,东三环中路,18,63.1,畅通
2024-02-16 05:16:00,东三环中路,14,74.3,畅通
2024-02-16 05:58:00,东三环中路,8,70.2,畅通
2024-02-16 07:00:00,东三环中路,102,11.0,拥堵
2024-02-16 08:48:00,东三环中路,171,10.0,拥堵
2024-02-16 09:10:00,东三环中路,161,10.7,拥堵
2024-02-16 09:48:00,东三环中路,159,19.4,拥堵
2024-02-16 10:00:00,东三环中路,45,30.1,缓行
2024-02-16 10:52:00,东三环中路,51,40.1,缓行
2024-02-16 11:58:00,东三环中路,65,24.4,拥堵
2024-02-16 12:20:00,东三环中路,88,10.5,拥堵
2024-02-16 13:52:00,东三环中路,79,30.2,缓行
2024-02-16 14:26:00,东三环中路,61,33.5,缓行
2024-02-16 17:04:00,东三环中路,156,25.0,拥堵
2024-02-16 17:32:00,东三环中路,112,11.2,拥堵
2024-02-16 18:32:00,东三环中路,133,18.1,拥堵
2024-02-16 19:10:00,东三环中路,142,10.0,拥堵
2024-02-16 20:10:00,东三环中路,19,62.4,畅通
2024-02-16 20:50:00,东三环中路,22,52.2,缓行
2024-02-16 21:10:00,东三环中路,15,74.9,畅通
2024-02-16 21:28:00,东三环中路,21,68.1,畅通
2024-02-16 21:52:00,东三环中路,8,71.8,畅通
2024-02-16 21:56:00,东三环中路,22,50.3,缓行
2024-02-16 23:22:00,东三环中路,15,57.1,缓行
2024-02-16 23:26:00,东三环中路,14,77.1,畅通
2024-02-16 23:44:00,东三环中路,11,66.0,畅通
2024-02-16 23:52:00,东三环中路,17,60.8,畅通
2024-02-16 23:56:00,东三环中路,27,46.7,缓行
2024-02-17 00:06:00,东三环中路,16,70.3,畅通
2024-02-17 00:18:00,东三环中路,12,62.0,畅通
2024-02-17 00:42:00,东三环中路,14,53.5,缓行
2024-02-17 00:58:00,东三环中路,16,63.2,畅通
2024-02-17 02:04:00,东三环中路,12,75.8,畅通
2024-02-17 02:24:00,东三环中路,8,62.6,畅通
2024-02-17 02:32:00,东三环中路,13,72.0,畅通
2024-02-17 04:36:00,东三环中路,13,56.8,缓行
2024-02-17 04:48:00,东三环中路,10,56.0,缓行
2024-02-17 04:52:00,东三环中路,5,71.0,畅通
2024-02-17 04:56:00,东三环中路,7,60.0,畅通
2024-02-17 06:34:00,东三环中路,8,73.0,畅通
2024-02-17 06:58:00,东三环中路,16,56.1,缓行
2024-02-17 07:56:00,东三环中路,21,34.9,缓行
2024-02-17 08:14:00,东三环中路,39,27.8,拥堵
2024-02-17 08:20:00,东三环中路,18,25.0,拥堵
2024-02-17 08:40:00,东三环中路,36,23.9,拥堵
2024-02-17 08:48:00,东三环中路,26,41.8,缓行
2024-02-17 09:12:00,东三环中路,38,25.0,拥堵
2024-02-17 09:16:00,东三环中路,44,16.7,拥堵
2024-02-17 09:24:00,东三环中路,33,17.0,拥堵
2024-02-17 09:48:00,东三环中路,50,29.6,拥堵
2024-02-17 11:22:00,东三环中路,27,45.1,缓行
2024-02-17 12:04:00,东三环中路,76,28.5,拥堵
2024-02-17 12:38:00,东三环中路,65,25.6,拥堵
2024-02-17 12:54:00,东三环中路,33,40.6,缓行
2024-02-17 13:00:00,东三环中路,58,18.2,拥堵
2024-02-17 13:18:00,东三环中路,41,31.3,缓行
2024-02-17 14:20:00,东三环中路,24,40.0,缓行
2024-02-17 15:18:00,东三环中路,50,39.1,缓行
2024-02-17 15:24:00,东三环中路,13,48.3,缓行
2024-02-17 15:50:00,东三环中路,42,46.6,缓行
2024-02-17 16:00:00,东三环中路,27,49.3,缓行
2024-02-17 17:10:00,东三环中路,30,27.0,拥堵
2024-02-17 17:52:00,东三环中路,95,15.4,拥堵
2024-02-17 18:20:00,东三环中路,76,10.0,拥堵
2024-02-17 19:44:00,东三环中路,62,11.9,拥堵
2024-02-17 20:04:00,东三环中路,12,71.2,畅通
2024-02-17 20:20:00,东三环中路,9,65.8,畅通
2024-02-17 20:54:00,东三环中路,11,60.2,畅通
2024-02-17 21:02:00,东三环中路,18,49.5,缓行
2024-02-17 21:08:00,东三环中路,13,58.2,缓行
2024-02-17 21:10:00,东三环中路,15,48.5,缓行
2024-02-17 21:20:00,东三环中路,10,41.3,缓行
2024-02-17 21:38:00,东三环中路,10,60.9,畅通
2024-02-17 22:02:00,东三环中路,15,44.3,缓行
2024-02-17 22:08:00,东三环中路,7,62.1,畅通
2024-02-17 22:16:00,东三环中路,6,64.7,畅通
2024-02-17 22:18:00,东三环中路,12,52.5,缓行
2024-02-17 22:46:00,东三环中路,9,63.4,畅通
2024-02-17 23:38:00,东三环中路,10,54.3,缓行
2024-02-17 23:52:00,东三环中路,10,58.9,缓行
2024-02-18 00:02:00,东三环中路,8,52.5,缓行
2024-02-18 00:14:00,东三环中路,13,65.7,畅通
2024-02-18 00:32:00,东三环中路,14,60.3,畅通
2024-02-18 00:48:00,东三环中路,11,59.7,缓行
2024-02-18 01:30:00,东三环中路,13,51.3,缓行
2024-02-18 01:44:00,东三环中路,12,52.0,缓行
2024-02-18 02:10:00,东三环中路,11,62.4,畅通
2024-02-18 02:26:00,东三环中路,14,70.9,畅通
2024-02-18 03:34:00,东三环中路,16,65.5,畅通
2024-02-18 05:02:00,东三环中路,6,49.2,缓行
2024-02-18 06:08:00,东三环中路,11,59.3,缓行
2024-02-18 06:56:00,东三环中路,8,66.3,畅通
2024-02-18 07:38:00,东三环中路,32,31.5,缓行
2024-02-18 08:36:00,东三环中路,49,30.9,缓行
2024-02-18 08:48:00,东三环中路,25,28.5,拥堵
2024-02-18 09:10:00,东三环中路,44,40.4,缓行
2024-02-18 10:28:00,东三环中路,43,30.9,缓行
2024-02-18 11:02:00,东三环中路,66,33.5,缓行
2024-02-18 11:06:00,东三环中路,66,22.8,拥堵
2024-02-18 12:06:00,东三环中路,61,24.3,拥堵
2024-02-18 12:20:00,东三环中路,44,46.2,缓行
2024-02-18 13:00:00,东三环中路,34,39.3,缓行
2024-02-18 13:34:00,东三环中路,46,22.2,拥堵
2024-02-18 13:44:00,东三环中路,58,16.5,拥堵
2024-02-18 14:32:00,东三环中路,38,33.5,缓行
2024-02-18 14:56:00,东三环中路,37,31.8,缓行
2024-02-18 15:06:00,东三环中路,40,45.4,缓行
2024-02-18 15:18:00,东三环中路,38,35.1,缓行
2024-02-18 16:22:00,东三环中路,30,32.9,缓行
2024-02-18 16:32:00,东三环中路,51,35.8,缓行
2024-02-18 17:22:00,东三环中路,118,19.1,拥堵
2024-02-18 17:50:00,东三环中路,61,10.0,拥堵
2024-02-18 17:54:00,东三环中路,92,13.3,拥堵
2024-02-18 18:00:00,东三环中路,127,20.0,拥堵
2024-02-18 18:54:00,东三环中路,40,23.1,拥堵
2024-02-18 19:40:00,东三环中路,61,16.1,拥堵
2024-02-18 20:30:00,东三环中路,11,64.1,畅通
2024-02-18 20:56:00,东三环中路,12,65.3,畅通
2024-02-18 21:26:00,东三环中路,14,62.6,畅通
2024-02-18 21:52:00,东三环中路,17,62.7,畅通
2024-02-18 21:56:00,东三环中路,18,56.9,缓行
2024-02-18 22:26:00,东三环中路,8,65.4,畅通
2024-02-18 23:44:00,东三环中路,8,65.4,畅通
2024-02-19 00:02:00,东三环中路,27,61.2,畅通
2024-02-19 00:38:00,东三环中路,16,52.4,缓行
2024-02-19 01:02:00,东三环中路,23,57.3,缓行
2024-02-19 01:56:00,东三环中路,13,67.3,畅通
2024-02-19 05:06:00,东三环中路,23,58.2,缓行
2024-02-19 06:00:00,东三环中路,20,56.0,缓行
2024-02-19 07:32:00,东三环中路,116,14.1,拥堵
2024-02-19 07:50:00,东三环中路,101,10.0,拥堵
2024-02-19 09:06:00,东三环中路,100,10.0,拥堵
2024-02-19 10:40:00,东三环中路,45,30.9,缓行
2024-02-19 11:34:00,东三环中路,121,10.0,拥堵
2024-02-19 12:20:00,东三环中路,69,25.7,拥堵
2024-02-19 12:50:00,东三环中路,67,32.8,缓行
2024-02-19 13:32:00,东三环中路,84,20.2,拥堵
2024-02-19 14:18:00,东三环中路,35,45.4,缓行
2024-02-19 15:06:00,东三环中路,22,46.6,缓行
2024-02-19 15:32:00,东三环中路,48,46.4,缓行
2024-02-19 15:44:00,东三环中路,31,45.7,缓行
2024-02-19 17:34:00,东三环中路,163,14.4,拥堵
2024-02-19 17:58:00,东三环中路,77,10.0,拥堵
2024-02-19 18:18:00,东三环中路,191,10.0,拥堵
2024-02-19 18:48:00,东三环中路,153,10.0,拥堵
2024-02-19 20:16:00,东三环中路,13,57.8,缓行
2024-02-19 22:44:00,东三环中路,27,46.6,缓行
2024-02-19 23:04:00,东三环中路,28,47.7,缓行
2024-02-20 00:00:00,东三环中路,16,58.2,缓行
2024-02-20 00:04:00,东三环中路,25,56.6,缓行
2024-02-20 01:04:00,东三环中路,19,53.7,缓行
2024-02-20 01:12:00,东三环中路,23,64.3,畅通
2024-02-20 02:02:00,东三环中路,12,68.1,畅通
2024-02-20 03:12:00,东三环中路,17,45.2,缓行
2024-02-20 03:14:00,东三环中路,12,56.4,缓行
2024-02-20 03:16:00,东三环中路,12,48.4,缓行
2024-02-20 05:06:00,东三环中路,23,56.5,缓行
2024-02-20 09:16:00,东三环中路,157,17.7,拥堵
2024-02-20 09:40:00,东三环中路,138,10.0,拥堵
2024-02-20 10:12:00,东三环中路,52,29.8,拥堵
2024-02-20 10:16:00,东三环中路,70,24.9,拥堵
2024-02-20 10:30:00,东三环中路,53,24.7,拥堵
2024-02-20 11:34:00,东三环中路,71,19.6,拥堵
2024-02-20 12:02:00,东三环中路,50,30.2,缓行
2024-02-20 12:08:00,东三环中路,115,17.9,拥堵
2024-02-20 13:04:00,东三环中路,69,10.4,拥堵
2024-02-20 13:28:00,东三环中路,81,10.0,拥堵
2024-02-20 14:04:00,东三环中路,67,29.4,拥堵
2024-02-20 14:32:00,东三环中路,45,27.3,拥堵
2024-02-20 15:00:00,东三环中路,71,37.1,缓行
2024-02-20 15:44:00,东三环中路,8,51.4,缓行
2024-02-20 16:22:00,东三环中路,43,39.4,缓行
2024-02-20 17:24:00,东三环中路,111,10.0,拥堵
2024-02-20 17:30:00,东三环中路,107,12.1,拥堵
2024-02-20 18:00:00,东三环中路,130,10.0,拥堵
2024-02-20 18:04:00,东三环中路,154,10.0,拥堵
2024-02-20 20:32:00,东三环中路,26,61.5,畅通
2024-02-20 21:34:00,东三环中路,23,49.1,缓行
2024-02-21 00:10:00,东三环中路,13,75.7,畅通
2024-02-21 00:22:00,东三环中路,18,61.1,畅通
2024-02-21 00:30:00,东三环中路,11,63.5,畅通
2024-02-21 01:14:00,东三环中路,10,53.8,缓行
2024-02-21 03:24:00,东三环中路,9,75.6,畅通
2024-02-21 04:10:00,东三环中路,13,50.5,缓行
2024-02-21 04:42:00,东三环中路,15,62.5,畅通
2024-02-21 04:46:00,东三环中路,18,49.5,缓行
2024-02-21 04:52:00,东三环中路,7,69.1,畅通
2024-02-21 05:02:00,东三环中路,19,66.4,畅通
2024-02-21 05:24:00,东三环中路,10,44.0,缓行
2024-02-21 06:06:00,东三环中路,19,60.4,畅通
2024-02-21 07:30:00,东三环中路,113,14.1,拥堵
2024-02-21 07:50:00,东三环中路,124,13.2,拥堵
2024-02-21 09:54:00,东三环中路,227,14.1,拥堵
2024-02-21 10:48:00,东三环中路,55,42.6,缓行
2024-02-21 11:36:00,东三环中路,31,48.1,缓行
2024-02-21 11:52:00,东三环中路,89,14.8,拥堵
2024-02-21 11:56:00,东三环中路,102,19.9,拥堵
2024-02-21 12:18:00,东三环中路,70,34.4,缓行
2024-02-21 13:16:00,东三环中路,81,27.1,拥堵
2024-02-21 13:42:00,东三环中路,73,27.9,拥堵
2024-02-21 14:26:00,东三环中路,57,36.3,缓行
2024-02-21 14:40:00,东三环中路,40,37.6,缓行
2024-02-21 14:42:00,东三环中路,68,17.0,拥堵
2024-02-21 14:48:00,东三环中路,53,36.4,缓行
2024-02-21 14:56:00,东三环中路,54,38.6,缓行
2024-02-21 15:02:00,东三环中路,57,30.2,缓行
2024-02-21 15:04:00,东三环中路,62,36.9,缓行
2024-02-21 15:16:00,东三环中路,27,41.2,缓行
2024-02-21 15:18:00,东三环中路,12,47.5,缓行
2024-02-21 15:52:00,东三环中路,51,23.7,拥堵
2024-02-21 16:28:00,东三环中路,46,58.7,缓行
2024-02-21 16:44:00,东三环中路,44,32.3,缓行
2024-02-21 16:48:00,东三环中路,27,34.5,缓行
2024-02-21 17:56:00,东三环中路,91,10.0,拥堵
2024-02-21 19:32:00,东三环中路,145,23.8,拥堵
2024-02-21 20:32:00,东三环中路,18,53.4,缓行
2024-02-21 21:38:00,东三环中路,16,61.6,畅通
2024-02-21 21:46:00,东三环中路,11,44.2,缓行
2024-02-22 00:46:00,东三环中路,15,59.9,缓行
2024-02-22 00:54:00,东三环中路,18,56.8,缓行
2024-02-22 03:18:00,东三环中路,8,72.1,畅通
2024-02-22 03:22:00,东三环中路,30,64.8,畅通
2024-02-22 05:12:00,东三环中路,19,55.4,缓行
2024-02-22 05:34:00,东三环中路,22,54.3,缓行
2024-02-22 06:54:00,东三环中路,14,57.0,缓行
2024-02-22 07:18:00,东三环中路,88,10.0,拥堵
2024-02-22 08:02:00,东三环中路,157,12.5,拥堵
2024-02-22 08:04:00,东三环中路,44,42.6,缓行
2024-02-22 09:12:00,东三环中路,124,10.0,拥堵
2024-02-22 09:44:00,东三环中路,145,14.8,拥堵
2024-02-22 13:10:00,东三环中路,49,23.9,拥堵
2024-02-22 15:42:00,东三环中路,41,50.5,缓行
2024-02-22 16:10:00,东三环中路,62,21.4,拥堵
2024-02-22 16:30:00,东三环中路,42,39.0,缓行
2024-02-22 18:00:00,东三环中路,151,23.4,拥堵
2024-02-22 18:02:00,东三环中路,133,10.0,拥堵
2024-02-22 19:32:00,东三环中路,168,21.7,拥堵
2024-02-22 20:36:00,东三环中路,23,69.6,畅通
2024-02-22 21:00:00,东三环中路,10,73.5,畅通
2024-02-22 21:02:00,东三环中路,11,67.1,畅通
2024-02-22 22:48:00,东三环中路,27,59.3,缓行
2024-02-22 23:44:00,东三环中路,16,34.9,缓行
2024-02-23 00:46:00,东三环中路,23,60.1,畅通
2024-02-23 02:08:00,东三环中路,9,47.3,缓行
2024-02-23 02:10:00,东三环中路,17,61.4,畅通
2024-02-23 02:54:00,东三环中路,16,57.2,缓行
2024-02-23 03:36:00,东三环中路,12,60.0,畅通
2024-02-23 03:44:00,东三环中路,12,57.8,缓行
2024-02-23 05:04:00,东三环中路,17,68.6,畅通
2024-02-23 05:10:00,东三环中路,20,55.6,缓行
2024-02-23 06:06:00,东三环中路,23,37.5,缓行
2024-02-23 06:10:00,东三环中路,20,61.2,畅通
2024-02-23 06:28:00,东三环中路,20,50.4,缓行
2024-02-23 07:04:00,东三环中路,174,30.5,缓行
2024-02-23 07:38:00,东三环中路,138,10.0,拥堵
2024-02-23 08:08:00,东三环中路,134,18.5,拥堵
2024-02-23 08:50:00,东三环中路,114,12.2,拥堵
2024-02-23 08:58:00,东三环中路,204,13.9,拥堵
2024-02-23 09:12:00,东三环中路,143,12.0,拥堵
2024-02-23 09:58:00,东三环中路,168,12.0,拥堵
2024-02-23 10:44:00,东三环中路,36,55.8,缓行
2024-02-23 11:10:00,东三环中路,74,20.5,拥堵
2024-02-23 11:16:00,东三环中路,41,32.1,缓行
2024-02-23 11:28:00,东三环中路,79,24.5,拥堵
2024-02-23 11:46:00,东三环中路,73,24.4,拥堵
2024-02-23 11:52:00,东三环中路,101,16.4,拥堵
2024-02-23 12:30:00,东三环中路,76,28.8,拥堵
2024-02-23 12:50:00,东三环中路,86,10.0,拥堵
2024-02-23 13:22:00,东三环中路,55,27.3,拥堵
2024-02-23 14:02:00,东三环中路,61,33.0,缓行
2024-02-23 14:40:00,东三环中路,13,42.7,缓行
2024-02-23 14:50:00,东三环中路,22,38.2,缓行
2024-02-23 16:40:00,东三环中路,53,45.2,缓行
2024-02-23 18:10:00,东三环中路,164,15.4,拥堵
2024-02-23 18:16:00,东三环中路,167,10.0,拥堵
2024-02-23 20:18:00,东三环中路,18,65.9,畅通
2024-02-23 20:52:00,东三环中路,7,64.2,畅通
2024-02-23 20:54:00,东三环中路,23,68.9,畅通
2024-02-23 21:02:00,东三环中路,27,40.8,缓行
2024-02-23 21:08:00,东三环中路,21,65.6,畅通
2024-02-23 21:14:00,东三环中路,19,50.0,缓行
2024-02-23 21:34:00,东三环中路,18,74.7,畅通
2024-02-23 22:10:00,东三环中路,26,57.7,缓行
2024-02-23 22:54:00,东三环中路,18,61.5,畅通
2024-02-23 23:30:00,东三环中路,11,53.3,缓行
2024-02-23 23:38:00,东三环中路,20,64.1,畅通
2024-02-24 00:26:00,东三环中路,11,74.4,畅通
2024-02-24 00:42:00,东三环中路,12,41.1,缓行
2024-02-24 00:58:00,东三环中路,6,71.1,畅通
2024-02-24 01:14:00,东三环中路,15,58.2,缓行
2024-02-24 01:26:00,东三环中路,12,70.3,畅通
2024-02-24 02:26:00,东三环中路,10,62.8,畅通
2024-02-24 02:58:00,东三环中路,10,70.2,畅通
2024-02-24 04:12:00,东三环中路,8,72.7,畅通
2024-02-24 06:24:00,东三环中路,9,72.5,畅通
2024-02-24 06:28:00,东三环中路,17,62.3,畅通
2024-02-24 06:38:00,东三环中路,9,55.5,缓行
2024-02-24 07:56:00,东三环中路,39,37.2,缓行
2024-02-24 09:12:00,东三环中路,28,31.1,缓行
2024-02-24 09:40:00,东三环中路,30,33.9,缓行
2024-02-24 10:02:00,东三环中路,47,25.3,拥堵
2024-02-24 10:06:00,东三环中路,14,48.2,缓行
2024-02-24 10:56:00,东三环中路,58,37.3,缓行
2024-02-24 11:18:00,东三环中路,63,40.8,缓行
2024-02-24 11:24:00,东三环中路,35,32.8,缓行
2024-02-24 12:04:00,东三环中路,33,40.5,缓行
2024-02-24 12:32:00,东三环中路,83,15.9,拥堵
2024-02-24 12:54:00,东三环中路,58,26.3,拥堵
2024-02-24 13:22:00,东三环中路,35,23.2,拥堵
2024-02-24 14:12:00,东三环中路,52,34.5,缓行
2024-02-24 15:38:00,东三环中路,30,41.4,缓行
2024-02-24 16:16:00,东三环中路,36,45.6,缓行
2024-02-24 16:28:00,东三环中路,32,46.0,缓行
2024-02-24 16:48:00,东三环中路,36,39.3,缓行
2024-02-24 16:50:00,东三环中路,30,53.5,缓行
2024-02-24 18:20:00,东三环中路,68,23.3,拥堵
2024-02-24 18:34:00,东三环中路,71,17.8,拥堵
2024-02-24 19:08:00,东三环中路,97,10.0,拥堵
2024-02-24 19:20:00,东三环中路,79,12.2,拥堵
2024-02-24 19:48:00,东三环中路,45,12.9,拥堵
2024-02-24 20:26:00,东三环中路,6,70.3,畅通
2024-02-24 20:48:00,东三环中路,13,54.7,缓行
2024-02-24 21:14:00,东三环中路,8,67.1,畅通
2024-02-24 21:28:00,东三环中路,13,53.7,缓行
2024-02-24 22:06:00,东三环中路,8,56.7,缓行
2024-02-24 23:36:00,东三环中路,11,69.0,畅通
2024-02-25 00:20:00,东三环中路,13,69.7,畅通
2024-02-25 00:38:00,东三环中路,17,56.2,缓行
2024-02-25 01:00:00,东三环中路,8,62.9,畅通
2024-02-25 01:10:00,东三环中路,12,62.7,畅通
2024-02-25 01:22:00,东三环中路,10,54.3,缓行
2024-02-25 01:52:00,东三环中路,17,47.6,缓行
2024-02-25 02:20:00,东三环中路,7,64.1,畅通
2024-02-25 02:30:00,东三环中路,14,65.8,畅通
2024-02-25 02:58:00,东三环中路,14,74.5,畅通
2024-02-25 03:02:00,东三环中路,8,62.6,畅通
2024-02-25 03:26:00,东三环中路,15,59.0,缓行
2024-02-25 05:18:00,东三环中路,13,59.2,缓行
2024-02-25 05:26:00,东三环中路,10,46.6,缓行
2024-02-25 05:46:00,东三环中路,15,66.0,畅通
2024-02-25 07:34:00,东三环中路,39,17.9,拥堵
2024-02-25 08:28:00,东三环中路,50,19.2,拥堵
2024-02-25 08:50:00,东三环中路,31,39.3,缓行
2024-02-25 09:12:00,东三环中路,32,30.2,缓行
2024-02-25 09:14:00,东三环中路,53,19.8,拥堵
2024-02-25 09:32:00,东三环中路,48,30.9,缓行
2024-02-25 09:44:00,东三环中路,43,19.8,拥堵
2024-02-25 10:02:00,东三环中路,17,63.4,畅通
2024-02-25 11:34:00,东三环中路,50,30.8,缓行
2024-02-25 14:00:00,东三环中路,37,46.3,缓行
2024-02-25 15:18:00,东三环中路,36,37.6,缓行
2024-02-25 15:26:00,东三环中路,35,14.2,拥堵
2024-02-25 15:32:00,东三环中路,47,42.8,缓行
2024-02-25 16:02:00,东三环中路,36,26.6,拥堵
2024-02-25 16:54:00,东三环中路,41,29.8,拥堵
2024-02-25 18:00:00,东三环中路,61,13.9,拥堵
2024-02-25 18:32:00,东三环中路,114,21.6,拥堵
2024-02-25 19:02:00,东三环中路,25,14.3,拥堵
2024-02-25 19:44:00,东三环中路,64,25.7,拥堵
2024-02-25 20:32:00,东三环中路,17,68.4,畅通
2024-02-25 20:36:00,东三环中路,16,72.0,畅通
2024-02-25 21:00:00,东三环中路,11,58.1,缓行
2024-02-25 22:04:00,东三环中路,14,51.4,缓行
2024-02-25 22:16:00,东三环中路,13,59.1,缓行
2024-02-26 00:30:00,东三环中路,18,55.2,缓行
2024-02-26 01:14:00,东三环中路,17,66.4,畅通
2024-02-26 01:30:00,东三环中路,13,66.2,畅通
2024-02-26 01:40:00,东三环中路,9,49.4,缓行
2024-02-26 01:46:00,东三环中路,16,73.2,畅通
2024-02-26 04:20:00,东三环中路,16,72.1,畅通
2024-02-26 05:14:00,东三环中路,24,47.4,缓行
2024-02-26 06:08:00,东三环中路,22,65.8,畅通
2024-02-26 06:52:00,东三环中路,27,61.8,畅通
2024-02-26 07:54:00,东三环中路,163,17.6,拥堵
2024-02-26 08:00:00,东三环中路,157,10.0,拥堵
2024-02-26 08:52:00,东三环中路,127,11.4,拥堵
2024-02-26 09:14:00,东三环中路,93,20.4,拥堵
2024-02-26 09:50:00,东三环中路,113,20.5,拥堵
2024-02-26 10:18:00,东三环中路,55,24.5,拥堵
2024-02-26 10:20:00,东三环中路,34,40.7,缓行
2024-02-26 11:22:00,东三环中路,77,29.8,拥堵
2024-02-26 11:50:00,东三环中路,75,32.6,缓行
2024-02-26 12:10:00,东三环中路,97,39.4,缓行
2024-02-26 12:54:00,东三环中路,56,27.2,拥堵
2024-02-26 13:02:00,东三环中路,93,10.0,拥堵
2024-02-26 13:52:00,东三环中路,84,38.1,缓行
2024-02-26 14:08:00,东三环中路,36,35.1,缓行
2024-02-26 14:28:00,东三环中路,43,54.1,缓行
2024-02-26 15:36:00,东三环中路,54,35.5,缓行
2024-02-26 16:10:00,东三环中路,54,41.6,缓行
2024-02-26 16:34:00,东三环中路,36,34.8,缓行
2024-02-26 17:40:00,东三环中路,109,15.2,拥堵
2024-02-26 18:32:00,东三环中路,159,10.0,拥堵
2024-02-26 18:40:00,东三环中路,176,20.4,拥堵
2024-02-26 19:04:00,东三环中路,186,10.0,拥堵
2024-02-26 19:12:00,东三环中路,159,10.0,拥堵
2024-02-26 20:42:00,东三环中路,19,47.9,缓行
2024-02-26 20:50:00,东三环中路,28,40.8,缓行
2024-02-26 22:10:00,东三环中路,13,57.5,缓行
2024-02-26 22:22:00,东三环中路,14,68.3,畅通
2024-02-26 22:44:00,东三环中路,12,64.4,畅通
2024-02-26 22:58:00,东三环中路,11,61.7,畅通
2024-02-26 23:28:00,东三环中路,17,78.1,畅通
2024-02-26 23:34:00,东三环中路,16,56.8,缓行
2024-02-26 23:58:00,东三环中路,21,56.5,缓行
2024-02-27 00:04:00,东三环中路,13,63.5,畅通
2024-02-27 00:12:00,东三环中路,5,52.3,缓行
2024-02-27 01:02:00,东三环中路,18,68.3,畅通
2024-02-27 01:58:00,东三环中路,16,50.8,缓行
2024-02-27 03:10:00,东三环中路,12,68.0,畅通
2024-02-27 04:32:00,东三环中路,10,56.0,缓行
2024-02-27 05:14:00,东三环中路,19,54.5,缓行
2024-02-27 05:36:00,东三环中路,20,57.5,缓行
2024-02-27 06:22:00,东三环中路,20,68.1,畅通
2024-02-27 07:48:00,东三环中路,207,25.9,拥堵
2024-02-27 08:38:00,东三环中路,174,13.4,拥堵
2024-02-27 09:00:00,东三环中路,194,21.3,拥堵
2024-02-27 11:50:00,东三环中路,63,22.8,拥堵
2024-02-27 12:26:00,东三环中路,87,12.6,拥堵
2024-02-27 12:34:00,东三环中路,108,30.1,缓行
2024-02-27 12:36:00,东三环中路,102,10.0,拥堵
2024-02-27 13:14:00,东三环中路,71,32.5,缓行
2024-02-27 13:56:00,东三环中路,63,31.7,缓行
2024-02-27 14:58:00,东三环中路,36,42.2,缓行
2024-02-27 15:28:00,东三环中路,89,26.1,拥堵
2024-02-27 15:44:00,东三环中路,34,44.1,缓行
2024-02-27 16:00:00,东三环中路,35,42.1,缓行
2024-02-27 16:36:00,东三环中路,59,29.2,拥堵
2024-02-27 16:42:00,东三环中路,22,41.4,缓行
2024-02-27 17:14:00,东三环中路,116,11.1,拥堵
2024-02-27 17:44:00,东三环中路,132,12.7,拥堵
2024-02-27 19:22:00,东三环中路,132,23.9,拥堵
2024-02-27 20:16:00,东三环中路,19,65.0,畅通
2024-02-27 20:18:00,东三环中路,23,63.5,畅通
2024-02-27 20:28:00,东三环中路,16,53.8,缓行
2024-02-27 20:44:00,东三环中路,19,60.1,畅通
2024-02-27 21:10:00,东三环中路,10,78.0,畅通
2024-02-27 21:22:00,东三环中路,14,49.7,缓行
2024-02-27 21:48:00,东三环中路,18,48.2,缓行
2024-02-27 22:00:00,东三环中路,21,62.4,畅通
2024-02-27 22:30:00,东三环中路,19,62.8,畅通
2024-02-27 22:48:00,东三环中路,16,47.6,缓行
2024-02-27 23:52:00,东三环中路,17,55.6,缓行
2024-02-28 00:22:00,东三环中路,18,65.5,畅通
2024-02-28 00:24:00,东三环中路,6,55.5,缓行
2024-02-28 00:36:00,东三环中路,15,63.3,畅通
2024-02-28 00:50:00,东三环中路,26,46.1,缓行
2024-02-28 03:44:00,东三环中路,20,60.4,畅通
2024-02-28 05:00:00,东三环中路,20,68.1,畅通
2024-02-28 05:24:00,东三环中路,14,62.4,畅通
2024-02-28 06:24:00,东三环中路,24,55.1,缓行
2024-02-28 07:44:00,东三环中路,129,13.3,拥堵
2024-02-28 08:48:00,东三环中路,189,10.0,拥堵
2024-02-28 08:54:00,东三环中路,225,16.6,拥堵
2024-02-28 09:02:00,东三环中路,175,16.3,拥堵
2024-02-28 10:00:00,东三环中路,24,54.5,缓行
2024-02-28 10:06:00,东三环中路,61,30.6,缓行
2024-02-28 12:12:00,东三环中路,79,12.6,拥堵
2024-02-28 13:02:00,东三环中路,67,21.9,拥堵
2024-02-28 14:00:00,东三环中路,43,29.8,拥堵
2024-02-28 14:16:00,东三环中路,63,35.5,缓行
2024-02-28 14:24:00,东三环中路,45,50.0,缓行
2024-02-28 15:06:00,东三环中路,54,22.9,拥堵
2024-02-28 16:44:00,东三环中路,40,45.7,缓行
2024-02-28 16:52:00,东三环中路,31,50.1,缓行
2024-02-28 17:30:00,东三环中路,119,10.0,拥堵
2024-02-28 18:36:00,东三环中路,161,38.2,缓行
2024-02-28 19:54:00,东三环中路,250,22.5,拥堵
2024-02-28 20:08:00,东三环中路,19,41.0,缓行
2024-02-28 21:16:00,东三环中路,9,54.6,缓行
2024-02-28 21:36:00,东三环中路,10,66.0,畅通
2024-02-28 21:42:00,东三环中路,9,57.5,缓行
2024-02-28 22:12:00,东三环中路,25,43.2,缓行
2024-02-28 22:34:00,东三环中路,13,52.8,缓行
2024-02-28 23:02:00,东三环中路,17,72.1,畅通
2024-02-28 23:06:00,东三环中路,14,57.6,缓行
2024-02-28 23:16:00,东三环中路,17,43.5,缓行
2024-02-29 00:42:00,东三环中路,14,70.5,畅通
2024-02-29 00:48:00,东三环中路,22,56.2,缓行
2024-02-29 02:20:00,东三环中路,26,55.3,缓行
2024-02-29 02:36:00,东三环中路,16,54.6,缓行
2024-02-29 02:38:00,东三环中路,20,58.6,缓行
2024-02-29 04:42:00,东三环中路,13,59.3,缓行
2024-02-29 05:56:00,东三环中路,15,74.2,畅通
2024-02-29 06:32:00,东三环中路,19,59.4,缓行
2024-02-29 06:36:00,东三环中路,22,53.5,缓行
2024-02-29 08:44:00,东三环中路,140,17.0,拥堵
2024-02-29 09:10:00,东三环中路,97,10.0,拥堵
2024-02-29 10:52:00,东三环中路,5,66.4,畅通
2024-02-29 11:02:00,东三环中路,88,18.5,拥堵
2024-02-29 12:16:00,东三环中路,60,26.7,拥堵
2024-02-29 13:44:00,东三环中路,79,16.7,拥堵
2024-02-29 13:50:00,东三环中路,125,10.0,拥堵
2024-02-29 13:54:00,东三环中路,82,21.8,拥堵
2024-02-29 18:08:00,东三环中路,143,10.0,拥堵
2024-02-29 18:18:00,东三环中路,91,10.0,拥堵
2024-02-29 19:00:00,东三环中路,178,10.0,拥堵
2024-02-29 19:32:00,东三环中路,132,10.0,拥堵
2024-02-29 19:46:00,东三环中路,156,10.0,拥堵
2024-02-29 19:48:00,东三环中路,161,12.4,拥堵
2024-02-29 20:10:00,东三环中路,24,53.3,缓行
2024-02-29 21:40:00,东三环中路,20,51.4,缓行
2024-02-29 21:52:00,东三环中路,12,67.5,畅通
2024-02-29 22:04:00,东三环中路,21,62.9,畅通
2024-02-29 22:20:00,东三环中路,18,56.8,缓行
2024-02-29 22:26:00,东三环中路,18,53.6,缓行
2024-02-29 22:46:00,东三环中路,10,57.4,缓行
2024-02-29 23:22:00,东三环中路,15,52.7,缓行
2024-03-01 01:06:00,东三环中路,11,67.5,畅通
2024-03-01 01:38:00,东三环中路,13,51.9,缓行
2024-03-01 01:48:00,东三环中路,16,46.2,缓行
2024-03-01 02:00:00,东三环中路,13,60.1,畅通
2024-03-01 02:02:00,东三环中路,12,44.7,缓行
2024-03-01 02:12:00,东三环中路,22,54.4,缓行
2024-03-01 02:20:00,东三环中路,19,53.5,缓行
2024-03-01 03:22:00,东三环中路,14,75.1,畅通
2024-03-01 04:02:00,东三环中路,20,50.3,缓行
2024-03-01 04:06:00,东三环中路,28,67.7,畅通
2024-03-01 04:30:00,东三环中路,24,60.5,畅通
2024-03-01 05:52:00,东三环中路,16,67.1,畅通
2024-03-01 06:06:00,东三环中路,18,75.0,畅通
2024-03-01 06:46:00,东三环中路,14,55.7,缓行
2024-03-01 07:12:00,东三环中路,100,10.0,拥堵
2024-03-01 07:16:00,东三环中路,105,10.0,拥堵
2024-03-01 08:06:00,东三环中路,142,10.0,拥堵
2024-03-01 08:32:00,东三环中路,96,12.8,拥堵
2024-03-01 08:38:00,东三环中路,138,11.3,拥堵
2024-03-01 11:06:00,东三环中路,82,24.0,拥堵
2024-03-01 11:14:00,东三环中路,65,30.5,缓行
2024-03-01 13:06:00,东三环中路,84,23.2,拥堵
2024-03-01 15:24:00,东三环中路,53,29.3,拥堵
2024-03-01 15:30:00,东三环中路,53,21.3,拥堵
2024-03-01 17:08:00,东三环中路,138,10.0,拥堵
2024-03-01 19:02:00,东三环中路,287,23.4,拥堵
2024-03-01 19:32:00,东三环中路,211,10.0,拥堵
2024-03-01 20:54:00,东三环中路,23,47.8,缓行
2024-03-01 20:56:00,东三环中路,16,50.6,缓行
2024-03-01 21:58:00,东三环中路,14,57.5,缓行
2024-03-01 22:12:00,东三环中路,19,60.6,畅通
2024-03-01 22:58:00,东三环中路,15,35.2,缓行
2024-03-01 23:14:00,东三环中路,14,53.5,缓行
2024-03-01 23:48:00,东三环中路,24,46.8,缓行
2024-03-02 01:40:00,东三环中路,10,74.8,畅通
2024-03-02 02:48:00,东三环中路,9,62.0,畅通
2024-03-02 04:12:00,东三环中路,7,63.3,畅通
2024-03-02 04:14:00,东三环中路,9,59.7,缓行
2024-03-02 04:26:00,东三环中路,9,73.2,畅通
2024-03-02 05:14:00,东三环中路,12,56.3,缓行
2024-03-02 06:08:00,东三环中路,13,57.1,缓行
2024-03-02 07:10:00,东三环中路,50,29.9,拥堵
2024-03-02 08:00:00,东三环中路,54,19.9,拥堵
2024-03-02 08:04:00,东三环中路,40,29.1,拥堵
2024-03-02 08:14:00,东三环中路,48,17.3,拥堵
2024-03-02 08:36:00,东三环中路,37,20.2,拥堵
2024-03-02 09:00:00,东三环中路,40,34.2,缓行
2024-03-02 09:10:00,东三环中路,53,29.3,拥堵
2024-03-02 11:38:00,东三环中路,55,41.7,缓行
2024-03-02 11:58:00,东三环中路,65,36.2,缓行
2024-03-02 12:08:00,东三环中路,42,26.5,拥堵
2024-03-02 13:42:00,东三环中路,35,52.7,缓行
2024-03-02 14:42:00,东三环中路,54,35.5,缓行
2024-03-02 14:50:00,东三环中路,35,27.8,拥堵
2024-03-02 15:30:00,东三环中路,34,39.3,缓行
2024-03-02 17:10:00,东三环中路,80,10.1,拥堵
2024-03-02 18:24:00,东三环中路,72,10.0,拥堵
2024-03-02 20:42:00,东三环中路,6,69.0,畅通
2024-03-02 21:36:00,东三环中路,13,63.5,畅通
2024-03-02 22:16:00,东三环中路,11,59.0,缓行
2024-03-02 22:58:00,东三环中路,16,59.1,缓行
2024-03-02 23:30:00,东三环中路,14,47.0,缓行
2024-03-03 00:16:00,东三环中路,13,59.7,缓行
2024-03-03 02:26:00,东三环中路,12,75.0,畅通
2024-03-03 02:50:00,东三环中路,7,61.8,畅通
2024-03-03 03:00:00,东三环中路,13,60.2,畅通
2024-03-03 03:02:00,东三环中路,8,73.4,畅通
2024-03-03 03:44:00,东三环中路,13,65.2,畅通
2024-03-03 03:54:00,东三环中路,20,51.5,缓行
2024-03-03 04:30:00,东三环中路,15,62.2,畅通
2024-03-03 05:26:00,东三环中路,13,60.6,畅通
2024-03-03 06:10:00,东三环中路,11,74.0,畅通
2024-03-03 06:34:00,东三环中路,15,71.0,畅通
2024-03-03 06:52:00,东三环中路,12,60.0,畅通
2024-03-03 06:58:00,东三环中路,7,58.3,缓行
2024-03-03 07:20:00,东三环中路,34,20.6,拥堵
2024-03-03 09:00:00,东三环中路,27,24.6,拥堵
2024-03-03 09:54:00,东三环中路,20,34.8,缓行
2024-03-03 10:00:00,东三环中路,31,40.2,缓行
2024-03-03 10:02:00,东三环中路,31,52.6,缓行
2024-03-03 10:16:00,东三环中路,23,34.7,缓行
2024-03-03 11:34:00,东三环中路,53,26.8,拥堵
2024-03-03 12:00:00,东三环中路,42,29.3,拥堵
2024-03-03 12:16:00,东三环中路,34,44.0,缓行
2024-03-03 12:46:00,东三环中路,56,26.6,拥堵
2024-03-03 14:10:00,东三环中路,20,48.7,缓行
2024-03-03 14:28:00,东三环中路,35,35.6,缓行
2024-03-03 14:30:00,东三环中路,38,33.8,缓行
2024-03-03 14:38:00,东三环中路,32,53.8,缓行
2024-03-03 15:30:00,东三环中路,36,41.3,缓行
2024-03-03 15:50:00,东三环中路,22,29.8,拥堵
2024-03-03 17:20:00,东三环中路,55,10.0,拥堵
2024-03-03 17:40:00,东三环中路,99,11.7,拥堵
2024-03-03 17:44:00,东三环中路,89,14.9,拥堵
2024-03-03 18:10:00,东三环中路,68,10.0,拥堵
2024-03-03 20:02:00,东三环中路,17,63.0,畅通
2024-03-03 20:16:00,东三环中路,12,52.3,缓行
2024-03-03 21:06:00,东三环中路,9,65.8,畅通
2024-03-03 21:20:00,东三环中路,16,57.9,缓行
2024-03-03 21:22:00,东三环中路,5,64.7,畅通
2024-03-03 21:28:00,东三环中路,7,62.6,畅通
2024-03-03 21:30:00,东三环中路,14,64.7,畅通
2024-03-03 21:52:00,东三环中路,8,60.8,畅通
2024-03-03 22:02:00,东三环中路,6,69.6,畅通
2024-03-03 22:06:00,东三环中路,7,67.5,畅通
2024-03-03 22:24:00,东三环中路,19,52.7,缓行
2024-03-03 22:48:00,东三环中路,15,59.4,缓行
2024-03-03 23:14:00,东三环中路,12,74.7,畅通
2024-03-03 23:52:00,东三环中路,12,42.5,缓行
2024-03-04 00:02:00,东三环中路,5,70.1,畅通
2024-03-04 00:10:00,东三环中路,13,65.1,畅通
2024-03-04 00:12:00,东三环中路,9,54.5,缓行
2024-03-04 00:50:00,东三环中路,25,64.3,畅通
2024-03-04 01:24:00,东三环中路,19,54.2,缓行
2024-03-04 01:52:00,东三环中路,31,63.3,畅通
2024-03-04 03:14:00,东三环中路,9,72.4,畅通
2024-03-04 03:16:00,东三环中路,18,55.9,缓行
2024-03-04 06:22:00,东三环中路,10,54.0,缓行
2024-03-04 06:24:00,东三环中路,14,70.4,畅通
2024-03-04 07:44:00,东三环中路,116,22.8,拥堵
2024-03-04 09:16:00,东三环中路,174,16.5,拥堵
2024-03-04 09:20:00,东三环中路,124,10.0,拥堵
2024-03-04 09:42:00,东三环中路,134,11.8,拥堵
2024-03-04 10:14:00,东三环中路,52,35.5,缓行
2024-03-04 10:56:00,东三环中路,49,40.7,缓行
2024-03-04 11:22:00,东三环中路,84,27.3,拥堵
2024-03-04 11:30:00,东三环中路,77,31.3,缓行
2024-03-04 12:04:00,东三环中路,68,37.2,缓行
2024-03-04 12:06:00,东三环中路,106,22.8,拥堵
2024-03-04 12:16:00,东三环中路,77,27.4,拥堵
2024-03-04 12:44:00,东三环中路,59,23.0,拥堵
2024-03-04 13:32:00,东三环中路,94,12.7,拥堵
2024-03-04 13:56:00,东三环中路,71,28.8,拥堵
2024-03-04 14:32:00,东三环中路,51,49.0,缓行
2024-03-04 14:42:00,东三环中路,45,33.4,缓行
2024-03-04 14:52:00,东三环中路,39,49.5,缓行
2024-03-04 15:06:00,东三环中路,53,37.6,缓行
2024-03-04 15:24:00,东三环中路,35,41.7,缓行
2024-03-04 15:48:00,东三环中路,26,40.2,缓行
2024-03-04 17:04:00,东三环中路,178,12.9,拥堵
2024-03-04 17:16:00,东三环中路,160,15.7,拥堵
2024-03-04 18:16:00,东三环中路,167,10.2,拥堵
2024-03-04 18:30:00,东三环中路,190,17.3,拥堵
2024-03-04 19:00:00,东三环中路,204,22.8,拥堵
2024-03-04 19:06:00,东三环中路,114,13.5,拥堵
2024-03-04 19:38:00,东三环中路,180,24.2,拥堵
2024-03-04 20:12:00,东三环中路,18,57.5,缓行
2024-03-04 21:00:00,东三环中路,13,64.1,畅通
2024-03-04 21:06:00,东三环中路,13,62.0,畅通
2024-03-04 21:16:00,东三环中路,19,61.5,畅通
2024-03-04 22:48:00,东三环中路,11,62.3,畅通
2024-03-04 23:14:00,东三环中路,17,57.0,缓行
2024-03-05 00:28:00,东三环中路,15,64.8,畅通
2024-03-05 01:10:00,东三环中路,20,45.4,缓行
2024-03-05 02:18:00,东三环中路,7,49.6,缓行
2024-03-05 02:52:00,东三环中路,22,36.4,缓行
2024-03-05 05:36:00,东三环中路,12,50.2,缓行
2024-03-05 05:50:00,东三环中路,16,76.3,畅通
2024-03-05 06:20:00,东三环中路,19,57.9,缓行
2024-03-05 06:30:00,东三环中路,22,46.1,缓行
2024-03-05 07:06:00,东三环中路,160,10.0,拥堵
2024-03-05 07:40:00,东三环中路,127,10.0,拥堵
2024-03-05 08:02:00,东三环中路,187,18.2,拥堵
2024-03-05 08:16:00,东三环中路,170,12.8,拥堵
2024-03-05 10:38:00,东三环中路,40,37.1,缓行
2024-03-05 10:50:00,东三环中路,68,21.1,拥堵
2024-03-05 12:34:00,东三环中路,76,26.0,拥堵
2024-03-05 12:42:00,东三环中路,64,29.4,拥堵
2024-03-05 13:16:00,东三环中路,20,46.1,缓行
2024-03-05 13:44:00,东三环中路,61,17.1,拥堵
2024-03-05 14:18:00,东三环中路,60,27.3,拥堵
2024-03-05 15:36:00,东三环中路,74,32.3,缓行
2024-03-05 16:44:00,东三环中路,48,50.8,缓行
2024-03-05 17:02:00,东三环中路,111,17.9,拥堵
2024-03-05 17:16:00,东三环中路,137,20.3,拥堵
2024-03-05 17:54:00,东三环中路,135,10.0,拥堵
2024-03-05 18:06:00,东三环中路,153,14.6,拥堵
2024-03-05 18:54:00,东三环中路,163,10.0,拥堵
2024-03-05 19:12:00,东三环中路,171,12.5,拥堵
2024-03-05 19:56:00,东三环中路,131,21.3,拥堵
2024-03-05 21:34:00,东三环中路,18,48.4,缓行
2024-03-05 21:38:00,东三环中路,18,52.3,缓行
2024-03-05 21:58:00,东三环中路,26,52.8,缓行
2024-03-05 22:16:00,东三环中路,27,56.6,缓行
2024-03-06 00:12:00,东三环中路,8,56.7,缓行
2024-03-06 00:32:00,东三环中路,20,52.0,缓行
2024-03-06 02:20:00,东三环中路,7,63.8,畅通
2024-03-06 03:32:00,东三环中路,19,58.5,缓行
2024-03-06 04:08:00,东三环中路,20,51.4,缓行
2024-03-06 04:52:00,东三环中路,22,60.4,畅通
2024-03-06 07:04:00,东三环中路,125,21.6,拥堵
2024-03-06 07:30:00,东三环中路,165,23.3,拥堵
2024-03-06 07:46:00,东三环中路,154,22.1,拥堵
2024-03-06 08:12:00,东三环中路,116,10.0,拥堵
2024-03-06 08:48:00,东三环中路,168,10.6,拥堵
2024-03-06 11:24:00,东三环中路,79,31.9,缓行
2024-03-06 11:44:00,东三环中路,54,25.9,拥堵
2024-03-06 12:52:00,东三环中路,55,27.9,拥堵
2024-03-06 13:06:00,东三环中路,52,34.8,缓行
2024-03-06 13:32:00,东三环中路,70,30.4,缓行
2024-03-06 15:06:00,东三环中路,40,46.6,缓行
2024-03-06 15:24:00,东三环中路,31,45.8,缓行
2024-03-06 16:34:00,东三环中路,57,29.1,拥堵
2024-03-06 17:16:00,东三环中路,153,19.2,拥堵
2024-03-06 17:26:00,东三环中路,156,16.8,拥堵
2024-03-06 17:42:00,东三环中路,152,23.1,拥堵
2024-03-06 17:48:00,东三环中路,74,10.5,拥堵
2024-03-06 18:32:00,东三环中路,149,19.5,拥堵
2024-03-06 19:02:00,东三环中路,114,10.0,拥堵
2024-03-06 19:08:00,东三环中路,73,11.9,拥堵
2024-03-06 19:30:00,东三环中路,133,10.0,拥堵
2024-03-06 19:58:00,东三环中路,136,11.8,拥堵
2024-03-06 20:00:00,东三环中路,12,52.3,缓行
2024-03-06 20:54:00,东三环中路,7,57.2,缓行
2024-03-06 21:10:00,东三环中路,17,65.5,畅通
2024-03-06 21:54:00,东三环中路,11,55.8,缓行
2024-03-06 22:00:00,东三环中路,16,58.9,缓行
2024-03-06 22:16:00,东三环中路,20,56.9,缓行
2024-03-06 22:18:00,东三环中路,21,56.9,缓行
2024-03-06 22:44:00,东三环中路,20,46.3,缓行
2024-03-06 22:52:00,东三环中路,8,56.5,缓行
2024-03-06 23:32:00,东三环中路,20,50.9,缓行
2024-03-07 00:48:00,东三环中路,22,58.0,缓行
2024-03-07 00:52:00,东三环中路,21,52.2,缓行
2024-03-07 02:14:00,东三环中路,14,54.7,缓行
2024-03-07 03:24:00,东三环中路,14,65.1,畅通
2024-03-07 03:44:00,东三环中路,21,48.9,缓行
2024-03-07 04:00:00,东三环中路,22,57.6,缓行
2024-03-07 05:58:00,东三环中路,18,57.4,缓行
2024-03-07 08:04:00,东三环中路,130,25.4,拥堵
2024-03-07 09:36:00,东三环中路,139,27.4,拥堵
2024-03-07 09:50:00,东三环中路,219,29.8,拥堵
2024-03-07 10:14:00,东三环中路,77,28.9,拥堵
2024-03-07 10:50:00,东三环中路,37,43.1,缓行
2024-03-07 11:36:00,东三环中路,26,32.3,缓行
2024-03-07 11:40:00,东三环中路,89,20.0,拥堵
2024-03-07 12:14:00,东三环中路,60,19.1,拥堵
2024-03-07 12:18:00,东三环中路,15,39.0,缓行
2024-03-07 12:26:00,东三环中路,47,45.5,缓行
2024-03-07 12:32:00,东三环中路,67,20.3,拥堵
2024-03-07 12:46:00,东三环中路,65,21.8,拥堵
2024-03-07 14:06:00,东三环中路,36,32.5,缓行
2024-03-07 14:48:00,东三环中路,49,42.7,缓行
2024-03-07 14:58:00,东三环中路,42,41.9,缓行
2024-03-07 15:36:00,东三环中路,41,51.8,缓行
2024-03-07 15:56:00,东三环中路,48,56.6,缓行
2024-03-07 16:38:00,东三环中路,36,54.9,缓行
2024-03-07 17:30:00,东三环中路,84,11.9,拥堵
2024-03-07 19:14:00,东三环中路,230,11.3,拥堵
2024-03-07 21:10:00,东三环中路,25,52.0,缓行
2024-03-07 22:14:00,东三环中路,23,44.2,缓行
2024-03-07 22:22:00,东三环中路,10,59.6,缓行
2024-03-07 23:52:00,东三环中路,14,56.3,缓行
2024-03-08 00:00:00,东三环中路,5,58.9,缓行
2024-03-08 00:44:00,东三环中路,25,36.0,缓行
2024-03-08 01:10:00,东三环中路,17,61.7,畅通
2024-03-08 02:16:00,东三环中路,17,68.0,畅通
2024-03-08 02:30:00,东三环中路,23,64.5,畅通
2024-03-08 03:44:00,东三环中路,18,56.8,缓行
2024-03-08 05:10:00,东三环中路,11,54.4,缓行
2024-03-08 06:18:00,东三环中路,19,51.2,缓行
2024-03-08 06:20:00,东三环中路,9,58.5,缓行
2024-03-08 06:44:00,东三环中路,9,62.2,畅通
2024-03-08 08:06:00,东三环中路,129,10.0,拥堵
2024-03-08 08:54:00,东三环中路,163,16.1,拥堵
2024-03-08 10:20:00,东三环中路,41,56.4,缓行
2024-03-08 11:16:00,东三环中路,89,33.7,缓行
2024-03-08 11:44:00,东三环中路,50,31.4,缓行
2024-03-08 13:16:00,东三环中路,46,39.7,缓行
2024-03-08 13:40:00,东三环中路,93,16.2,拥堵
2024-03-08 14:00:00,东三环中路,47,20.2,拥堵
2024-03-08 14:56:00,东三环中路,47,33.7,缓行
2024-03-08 15:02:00,东三环中路,27,49.9,缓行
2024-03-08 15:38:00,东三环中路,53,43.6,缓行
2024-03-08 15:58:00,东三环中路,78,24.7,拥堵
2024-03-08 16:38:00,东三环中路,30,37.2,缓行
2024-03-08 17:14:00,东三环中路,166,10.0,拥堵
2024-03-08 17:30:00,东三环中路,45,12.4,拥堵
2024-03-08 18:18:00,东三环中路,114,10.0,拥堵
2024-03-08 18:40:00,东三环中路,157,13.4,拥堵
2024-03-08 19:14:00,东三环中路,140,14.2,拥堵
2024-03-08 19:26:00,东三环中路,104,21.5,拥堵
2024-03-08 19:50:00,东三环中路,138,10.0,拥堵
2024-03-08 20:28:00,东三环中路,14,57.3,缓行
2024-03-08 21:30:00,东三环中路,19,47.7,缓行
2024-03-08 22:18:00,东三环中路,21,63.9,畅通
2024-03-08 22:40:00,东三环中路,16,63.0,畅通
2024-03-09 00:02:00,东三环中路,5,57.8,缓行
2024-03-09 00:34:00,东三环中路,19,52.9,缓行
2024-03-09 02:14:00,东三环中路,11,56.8,缓行
2024-03-09 02:32:00,东三环中路,6,55.4,缓行
2024-03-09 03:48:00,东三环中路,12,55.7,缓行
2024-03-09 05:02:00,东三环中路,15,62.0,畅通
2024-03-09 05:10:00,东三环中路,11,74.0,畅通
2024-03-09 05:40:00,东三环中路,15,56.8,缓行
2024-03-09 05:48:00,东三环中路,12,51.3,缓行
2024-03-09 06:42:00,东三环中路,12,47.0,缓行
2024-03-09 06:56:00,东三环中路,15,42.4,缓行
2024-03-09 07:02:00,东三环中路,27,23.0,拥堵
2024-03-09 07:10:00,东三环中路,18,33.7,缓行
2024-03-09 08:12:00,东三环中路,32,32.0,缓行
2024-03-09 08:18:00,东三环中路,60,20.8,拥堵
2024-03-09 10:36:00,东三环中路,23,42.9,缓行
2024-03-09 11:38:00,东三环中路,41,24.3,拥堵
2024-03-09 11:52:00,东三环中路,36,43.5,缓行
2024-03-09 13:02:00,东三环中路,52,34.2,缓行
2024-03-09 13:24:00,东三环中路,53,31.9,缓行
2024-03-09 14:00:00,东三环中路,25,47.3,缓行
2024-03-09 14:02:00,东三环中路,45,48.3,缓行
2024-03-09 14:46:00,东三环中路,23,22.1,拥堵
2024-03-09 15:20:00,东三环中路,36,51.6,缓行
2024-03-09 15:32:00,东三环中路,24,40.3,缓行
2024-03-09 16:14:00,东三环中路,14,49.7,缓行
2024-03-09 17:18:00,东三环中路,41,26.5,拥堵
2024-03-09 18:46:00,东三环中路,55,13.3,拥堵
2024-03-09 19:42:00,东三环中路,72,10.0,拥堵
2024-03-09 20:32:00,东三环中路,9,54.3,缓行
2024-03-10 01:10:00,东三环中路,13,61.7,畅通
2024-03-10 02:42:00,东三环中路,15,54.2,缓行
2024-03-10 02:56:00,东三环中路,18,62.9,畅通
2024-03-10 04:18:00,东三环中路,9,61.4,畅通
2024-03-10 04:24:00,东三环中路,13,68.8,畅通
2024-03-10 06:08:00,东三环中路,5,59.2,缓行
2024-03-10 06:24:00,东三环中路,9,60.3,畅通
2024-03-10 06:32:00,东三环中路,8,62.5,畅通
2024-03-10 06:40:00,东三环中路,9,63.3,畅通
2024-03-10 08:04:00,东三环中路,38,14.0,拥堵
2024-03-10 08:36:00,东三环中路,51,22.7,拥堵
2024-03-10 09:16:00,东三环中路,24,32.8,缓行
2024-03-10 10:06:00,东三环中路,9,66.9,畅通
